rank_test_score,param_xgb__n_estimators,param_xgb__max_depth,param_xgb__learning_rate,param_xgb__subsample,param_xgb__colsample_bytree,param_xgb__lambda,param_xgb__alpha,train_rmse,test_rmse
1,500,7,0.1,1.0,0.7,1.0,0.5,0.25716392861266396,0.6304905588912094
2,500,9,0.05,1.0,0.7,0.5,0.5,0.23184920510477378,0.6315738101144679
3,500,9,0.05,1.0,0.7,1.0,0.5,0.23581953651482018,0.6317441504071641
4,500,7,0.1,1.0,1.0,1.0,0.5,0.2530520645040454,0.6324069542745383
5,500,7,0.1,1.0,0.7,0.5,0.5,0.2523782801048622,0.6325784208278556
6,500,9,0.05,1.0,0.7,1.0,0.0,0.23921953947785182,0.6331016035924565
7,500,7,0.1,1.0,0.7,0.5,0.0,0.2561414580439131,0.6337928629013213
8,500,7,0.1,1.0,1.0,0.5,0.5,0.24787689238774152,0.6338524376359835
9,500,9,0.05,0.7,1.0,0.5,0.5,0.24710340090648172,0.6341221760758601
10,500,6,0.1,1.0,0.7,1.0,0.5,0.33318281604861066,0.6343347614697881
11,500,9,0.05,1.0,0.7,0.5,0.0,0.2333578583690066,0.6346488579770877
12,500,9,0.05,0.7,1.0,1.0,0.5,0.24893306015261163,0.635025456132033
13,500,9,0.05,0.7,0.7,0.5,0.5,0.2482784342707468,0.6353572436768309
14,500,7,0.1,1.0,0.7,1.0,0.0,0.26001824753833885,0.6354299263449754
15,500,6,0.1,1.0,0.7,0.5,0.5,0.3277982230757599,0.6355698554107737
16,500,9,0.05,0.7,0.7,1.0,0.5,0.25013275306601024,0.6356330912065469
17,500,6,0.1,1.0,0.7,1.0,0.0,0.3351828847252898,0.636019850376274
18,200,9,0.1,1.0,0.7,1.0,0.5,0.258395618867913,0.6363850084281126
19,500,10,0.05,1.0,0.7,1.0,0.5,0.20914976247647418,0.6366083858332633
20,200,9,0.1,1.0,0.7,0.5,0.5,0.25288792873532057,0.636647970129916
21,500,10,0.05,0.7,0.7,1.0,0.5,0.22645640819908622,0.6367967924868154
22,500,7,0.05,1.0,0.7,1.0,0.5,0.36121780873038983,0.6369728883938574
23,500,9,0.05,0.7,0.7,1.0,0.0,0.25518897421947156,0.6370278467237155
24,500,9,0.05,0.7,1.0,1.0,0.0,0.25609643909321883,0.6370688963883955
25,500,10,0.05,1.0,0.7,0.5,0.5,0.20728564030431398,0.6371785309457184
26,500,6,0.1,1.0,1.0,0.5,0.5,0.32422079580343965,0.6373431193498849
27,500,9,0.05,1.0,1.0,1.0,0.0,0.23856843396257565,0.63750775523062
28,500,7,0.05,1.0,0.7,0.5,0.5,0.35730589706176913,0.6375389291845195
29,500,10,0.05,0.7,0.7,0.5,0.5,0.2251033551624853,0.6375802055170049
30,500,9,0.05,1.0,1.0,1.0,0.5,0.23280289036556936,0.6377024775318445
31,500,6,0.1,1.0,1.0,1.0,0.5,0.3271944870004748,0.6378500582906828
32,500,9,0.05,1.0,1.0,0.5,0.5,0.22938765331830874,0.6378769365725142
33,500,6,0.1,1.0,0.7,0.5,0.0,0.3314711398677473,0.6378881513186752
34,500,10,0.05,1.0,0.7,0.5,0.0,0.2060267004792081,0.6378894852997691
35,500,10,0.05,0.7,1.0,0.5,0.5,0.2245064748694628,0.637966820140108
36,500,9,0.05,0.7,1.0,0.5,0.0,0.25585218014855954,0.6381642815425302
37,500,10,0.05,1.0,0.7,1.0,0.0,0.2092228376378352,0.6381742266088554
38,200,10,0.05,1.0,0.7,0.5,0.5,0.28688187560760875,0.6383483053808912
39,500,7,0.05,0.7,0.7,1.0,0.5,0.35742172886134804,0.6383609087961215
40,200,9,0.1,1.0,1.0,1.0,0.5,0.256615149535414,0.6383797460661376
41,500,9,0.05,0.7,0.7,0.5,0.0,0.255451575321737,0.6383815821618829
42,500,7,0.1,1.0,1.0,1.0,0.0,0.25644872558551646,0.6384083253881574
43,200,10,0.05,1.0,0.7,1.0,0.5,0.2952071229763585,0.6385355363792806
44,200,10,0.05,1.0,0.7,0.5,0.0,0.27960725293293615,0.6387283785883331
45,500,10,0.05,0.7,0.7,1.0,0.0,0.23191368494278009,0.6387607800929714
46,200,10,0.05,1.0,0.7,1.0,0.0,0.2878054322862922,0.6390982150505384
47,500,7,0.05,0.7,0.7,0.5,0.5,0.352579994297634,0.63915887777319
48,200,9,0.1,1.0,0.7,1.0,0.0,0.2603055527129078,0.6391960750979357
49,500,7,0.05,0.7,1.0,1.0,0.5,0.3514173774841694,0.6392699721680362
50,200,10,0.1,1.0,0.7,0.5,0.5,0.21887689592813428,0.6393345858331968
51,200,9,0.1,1.0,0.7,0.5,0.0,0.254216153558759,0.639375375918082
52,500,7,0.1,1.0,1.0,0.5,0.0,0.25413354705987745,0.6394142696122832
53,500,10,0.05,0.7,1.0,1.0,0.5,0.22516324950766986,0.6394249610493098
54,200,10,0.1,1.0,0.7,1.0,0.0,0.22265240993154553,0.6394941995330689
55,200,10,0.05,0.7,1.0,0.5,0.5,0.2989280325731255,0.6396775963984848
56,500,7,0.05,0.7,0.7,1.0,0.0,0.3584226580556608,0.6397121877164267
57,200,10,0.1,1.0,0.7,1.0,0.5,0.22192840827954183,0.6397350811425686
58,500,10,0.05,0.7,0.7,0.5,0.0,0.2321658352366022,0.6397505286635214
59,200,9,0.1,1.0,1.0,0.5,0.5,0.24956132705319137,0.6397507569886555
60,200,10,0.05,0.7,0.7,0.5,0.5,0.3009863201183802,0.6399038864784101
61,500,10,0.05,0.7,1.0,1.0,0.0,0.2331484236238628,0.6400055332150522
62,500,7,0.05,1.0,1.0,0.5,0.5,0.35211862211301803,0.6400253065123493
63,500,7,0.05,1.0,0.7,1.0,0.0,0.36549540271542696,0.6400937933451905
64,500,7,0.05,1.0,1.0,1.0,0.5,0.35888866458663127,0.6401750888536222
65,500,7,0.05,1.0,0.7,0.5,0.0,0.35962902673303854,0.6402133531488189
66,500,7,0.05,0.7,0.7,0.5,0.0,0.35635165272803665,0.6402622147304259
67,200,10,0.05,0.7,0.7,1.0,0.5,0.3076130468705132,0.6403213742883355
68,500,6,0.1,1.0,1.0,1.0,0.0,0.3339537828482996,0.6403875500693822
69,200,10,0.05,0.7,1.0,1.0,0.5,0.30504031071224014,0.6404797575907006
70,500,6,0.2,1.0,1.0,1.0,0.5,0.23499698485217907,0.6405594212240091
71,500,7,0.1,0.7,1.0,1.0,0.5,0.26985139553794074,0.6408974987373903
72,500,7,0.1,0.7,0.7,1.0,0.5,0.27331673551470054,0.6410254054506632
73,500,6,0.1,1.0,1.0,0.5,0.0,0.3285247883629608,0.6411152378899351
74,500,9,0.1,1.0,0.7,1.0,0.5,0.19770216898418785,0.6412388439607403
75,500,7,0.1,0.7,0.7,0.5,0.5,0.2721169687094268,0.6413643067605364
76,200,10,0.05,0.7,0.7,0.5,0.0,0.29995240822021974,0.641671859957146
77,500,9,0.05,1.0,1.0,0.5,0.0,0.23418609488954298,0.6416775206384399
78,200,10,0.05,0.7,0.7,1.0,0.0,0.3046864059094004,0.6416808410180255
79,500,9,0.1,1.0,0.7,0.5,0.5,0.19687150726304994,0.6417041277262509
80,200,10,0.05,0.7,1.0,1.0,0.0,0.3036976811636442,0.6417434363032337
81,500,7,0.05,0.7,1.0,0.5,0.5,0.34762513558445707,0.6417681066788102
82,200,9,0.1,1.0,1.0,1.0,0.0,0.2606949512567536,0.6418183396155195
83,500,7,0.05,0.7,1.0,0.5,0.0,0.3527692677434232,0.6419046729040612
84,500,5,0.2,1.0,0.7,0.5,0.5,0.31845320932693005,0.6419322612970049
85,500,6,0.2,1.0,0.7,1.0,0.5,0.23838811061570364,0.6420129661764917
86,500,5,0.2,1.0,1.0,1.0,0.5,0.3151262213853046,0.6420228326227083
87,500,7,0.05,0.7,1.0,1.0,0.0,0.35461894058275917,0.6420792450197436
88,500,5,0.2,1.0,1.0,0.5,0.5,0.31093382686140736,0.6420860241906006
89,500,10,0.05,0.7,1.0,0.5,0.0,0.2332070299398803,0.6424169062918279
90,500,7,0.1,0.7,1.0,1.0,0.0,0.27920255371023955,0.6424846151626972
91,200,9,0.1,1.0,1.0,0.5,0.0,0.2540339469691326,0.6425016484894874
92,200,9,0.1,0.7,0.7,0.5,0.5,0.27104662052326906,0.642679838886135
93,200,7,0.2,1.0,0.7,1.0,0.5,0.289325060341162,0.6427267482498333
94,500,7,0.1,0.7,0.7,1.0,0.0,0.27914038904352856,0.642728383047854
95,500,6,0.2,1.0,0.7,0.5,0.5,0.23597633638125273,0.6427699197204594
96,500,6,0.1,0.7,1.0,1.0,0.5,0.3328708386737274,0.6428345459010616
97,500,10,0.05,1.0,1.0,1.0,0.5,0.20841381147700944,0.6428814949917475
98,200,9,0.05,1.0,0.7,0.5,0.5,0.34732269110051617,0.6428931395565294
99,500,6,0.1,0.7,0.7,1.0,0.5,0.33765785847400853,0.6429924682391632
100,500,7,0.1,0.7,0.7,0.5,0.0,0.2807669279263123,0.6430563919451342
101,200,10,0.05,0.7,1.0,0.5,0.0,0.2971431647041952,0.6431777261981078
102,500,5,0.2,1.0,0.7,1.0,0.5,0.32070006711092747,0.643238552823291
103,200,9,0.05,0.7,1.0,0.5,0.5,0.3505034305749842,0.6432963382776427
104,500,9,0.1,1.0,0.7,1.0,0.0,0.19683909091098536,0.6433955420657084
105,200,7,0.2,1.0,1.0,0.5,0.5,0.2793406276836976,0.6434428493238208
106,500,5,0.2,1.0,0.7,1.0,0.0,0.3223460349512304,0.6434619086363718
107,500,9,0.1,1.0,1.0,1.0,0.5,0.19686497270908374,0.6435193453630463
108,200,10,0.1,0.7,0.7,0.5,0.5,0.23897197343218718,0.6435584778471275
109,500,10,0.05,1.0,1.0,0.5,0.5,0.20623751907576462,0.6435691368367245
110,500,6,0.1,0.7,0.7,0.5,0.5,0.3359651057932105,0.6436156745000225
111,200,7,0.2,1.0,1.0,1.0,0.5,0.2836209005960653,0.6436741561568836
112,200,9,0.1,0.7,1.0,1.0,0.5,0.27092037731738167,0.6436782397879472
113,500,6,0.1,0.7,1.0,0.5,0.5,0.3315747949397409,0.6437298627714333
114,200,10,0.1,1.0,0.7,0.5,0.0,0.2170731055002039,0.6437394833638158
115,200,7,0.2,1.0,0.7,0.5,0.5,0.2825752383646819,0.6437730276181727
116,200,9,0.05,1.0,0.7,1.0,0.0,0.35026059393585773,0.643773261567256
117,200,9,0.05,1.0,0.7,1.0,0.5,0.35330559606555545,0.6437909779251978
118,200,10,0.1,0.7,0.7,1.0,0.5,0.24065646733086854,0.6438306800517928
119,500,7,0.05,1.0,1.0,1.0,0.0,0.3670757498076475,0.6438431330283606
120,500,6,0.2,1.0,1.0,0.5,0.5,0.23336422819213007,0.6439973908718053
121,200,9,0.05,0.7,1.0,1.0,0.5,0.35700388496733076,0.6440213263980948
122,500,7,0.1,0.7,1.0,0.5,0.5,0.27049122848317314,0.6440298625044527
123,200,10,0.1,0.7,0.7,1.0,0.0,0.2457282899350266,0.644067535295254
124,200,9,0.1,0.7,0.7,1.0,0.5,0.27371830302819367,0.6441298196189337
125,500,10,0.05,1.0,1.0,1.0,0.0,0.2094807204606173,0.6441370585037921
126,500,9,0.1,1.0,0.7,0.5,0.0,0.19553327623608985,0.64415106929893
127,200,10,0.05,1.0,1.0,0.5,0.5,0.28566907992668417,0.6444096939348594
128,200,10,0.1,0.7,1.0,0.5,0.5,0.23721612582099533,0.644639559237685
129,500,6,0.1,0.7,0.7,1.0,0.0,0.3408035361175937,0.6446804286468093
130,500,9,0.1,1.0,1.0,0.5,0.5,0.19616008161363233,0.6448157895677262
131,200,9,0.05,1.0,0.7,0.5,0.0,0.3416090148168552,0.6448990487684739
132,200,9,0.1,0.7,0.7,0.5,0.0,0.275501121453116,0.644926703516972
133,500,6,0.2,1.0,1.0,1.0,0.0,0.23842374040354825,0.6449409542485175
134,200,9,0.1,0.7,1.0,1.0,0.0,0.2754885443343999,0.6449925789039233
135,200,10,0.05,1.0,1.0,1.0,0.5,0.29526288389786665,0.6450842784079748
136,200,10,0.1,1.0,1.0,1.0,0.5,0.22137821543507624,0.6451459296049905
137,500,10,0.1,1.0,0.7,0.5,0.5,0.1927524406455565,0.6451814262520299
138,200,9,0.05,0.7,0.7,0.5,0.5,0.35290223363231915,0.6452588661014318
139,200,10,0.1,1.0,1.0,0.5,0.5,0.21784524467718852,0.6452765168644928
140,500,10,0.1,1.0,0.7,1.0,0.5,0.19298998123139943,0.6453152394197035
141,500,6,0.1,0.7,1.0,1.0,0.0,0.33818196366337716,0.6453818464837772
142,500,9,0.1,0.7,0.7,0.5,0.5,0.2167449582933732,0.6453944001734091
143,500,7,0.05,1.0,1.0,0.5,0.0,0.3605293768229556,0.6454034397958759
144,200,9,0.05,0.7,1.0,0.5,0.0,0.3498642030374395,0.6454415527231894
145,500,6,0.2,1.0,0.7,1.0,0.0,0.24017659762434887,0.6456174756838406
146,200,9,0.05,0.7,1.0,1.0,0.0,0.3555520439034121,0.645653812142229
147,500,7,0.2,1.0,0.7,1.0,0.5,0.20322565918487676,0.6457169112160133
148,200,9,0.1,0.7,0.7,1.0,0.0,0.27707464156827627,0.6457920275860564
149,200,9,0.1,0.7,1.0,0.5,0.5,0.2673394102694268,0.6458377418032183
150,200,9,0.05,0.7,0.7,1.0,0.5,0.35902408797004176,0.6458401697975622
151,200,7,0.2,1.0,0.7,1.0,0.0,0.29084738230066387,0.6458607918871987
152,200,10,0.05,1.0,1.0,1.0,0.0,0.2868861518104717,0.6459843742001435
153,500,10,0.1,1.0,0.7,1.0,0.0,0.1912018851658528,0.6460759158926177
154,500,7,0.2,1.0,0.7,0.5,0.5,0.20215419611342075,0.6462381753802655
155,500,10,0.05,1.0,1.0,0.5,0.0,0.20604277549401714,0.6463145001325462
156,500,6,0.1,0.7,0.7,0.5,0.0,0.3405479959482562,0.6463405870968768
157,200,10,0.1,1.0,1.0,1.0,0.0,0.2227955308327294,0.6465179042492917
158,500,9,0.1,1.0,1.0,1.0,0.0,0.1967937226300088,0.646554294182028
159,500,9,0.1,0.7,0.7,1.0,0.5,0.2164605747867249,0.6465851772536085
160,500,7,0.2,1.0,1.0,0.5,0.5,0.2008295094086652,0.6468111673701434
161,200,9,0.05,0.7,0.7,0.5,0.0,0.3508000101628897,0.6468231773373765
162,200,9,0.05,0.7,0.7,1.0,0.0,0.3566556937257216,0.6469999282526281
163,200,10,0.1,1.0,1.0,0.5,0.0,0.2182724580943,0.6470593250239691
164,500,7,0.2,1.0,1.0,1.0,0.5,0.20154457033512466,0.6473125692114589
165,500,5,0.2,1.0,1.0,1.0,0.0,0.31724265582409755,0.6473171281870497
166,500,9,0.1,0.7,1.0,1.0,0.5,0.21645123048899664,0.6473297408180259
167,500,7,0.1,0.7,1.0,0.5,0.0,0.28046559450231523,0.647479743138232
168,500,9,0.1,1.0,1.0,0.5,0.0,0.1955707616825581,0.6475383717872485
169,500,6,0.2,1.0,0.7,0.5,0.0,0.23826455656439965,0.6475847027826911
170,200,10,0.1,0.7,1.0,1.0,0.5,0.23925894973378045,0.6476187891413986
171,200,10,0.1,0.7,0.7,0.5,0.0,0.2459382012809083,0.6476312647614391
172,500,9,0.1,0.7,1.0,1.0,0.0,0.22600802475394705,0.647719376903168
173,500,10,0.01,1.0,0.7,0.5,0.0,0.355909290574923,0.6477893155315818
174,200,7,0.1,1.0,0.7,0.5,0.5,0.39515315019250913,0.6478301751357677
175,200,10,0.05,1.0,1.0,0.5,0.0,0.2809941359749737,0.6479166365766355
176,200,7,0.1,1.0,0.7,1.0,0.5,0.3998805178067754,0.6480357497677275
177,200,9,0.05,1.0,1.0,1.0,0.0,0.35193032776199334,0.6480367883727367
178,500,5,0.2,1.0,1.0,0.5,0.0,0.31441270649262754,0.6480988112464041
179,500,9,0.1,0.7,1.0,0.5,0.5,0.21698923723158192,0.6483535913058318
180,500,10,0.1,0.7,0.7,1.0,0.5,0.20589666646901186,0.6483846639666936
181,200,9,0.1,0.7,1.0,0.5,0.0,0.27456784399386813,0.6484113734490519
182,500,6,0.2,1.0,1.0,0.5,0.0,0.2350987066021024,0.6484235360667857
183,500,10,0.1,0.7,0.7,0.5,0.5,0.2062522381993824,0.6484435746356131
184,200,7,0.2,1.0,0.7,0.5,0.0,0.29034403846599405,0.6485526346216555
185,200,7,0.2,1.0,1.0,1.0,0.0,0.2894184805246121,0.6486155219443668
186,500,6,0.1,0.7,1.0,0.5,0.0,0.33653609176689875,0.6486194359527683
187,500,5,0.2,1.0,0.7,0.5,0.0,0.31886924012040946,0.6487729029059898
188,500,7,0.2,1.0,0.7,1.0,0.0,0.20255783125186452,0.6487859206820146
189,200,7,0.1,1.0,1.0,1.0,0.5,0.3944839083233017,0.648794032456709
190,500,10,0.01,1.0,0.7,1.0,0.0,0.3666541644801161,0.6488332533396627
191,200,9,0.05,1.0,1.0,0.5,0.5,0.3450680603071661,0.648859121799856
192,200,7,0.2,1.0,1.0,0.5,0.0,0.28241971767727536,0.6489376615841896
193,500,10,0.01,1.0,0.7,0.5,0.5,0.3685151069203317,0.6489549215351826
194,500,10,0.1,0.7,0.7,1.0,0.0,0.21266620250554968,0.648975155189712
195,200,7,0.1,1.0,1.0,0.5,0.5,0.385788440702058,0.648989283418829
196,500,9,0.1,0.7,0.7,1.0,0.0,0.2244139677602837,0.6490135979519649
197,200,10,0.1,0.7,1.0,0.5,0.0,0.24580876940013383,0.6490409983843864
198,200,9,0.05,1.0,1.0,1.0,0.5,0.3542694035947014,0.6492067711394207
199,200,9,0.2,1.0,1.0,1.0,0.5,0.20357128732578755,0.6492413982708038
200,200,6,0.2,1.0,1.0,1.0,0.5,0.3676565854700735,0.649448797177123
201,500,5,0.3,1.0,1.0,1.0,0.5,0.26163348556069466,0.6496369682849034
202,500,9,0.1,0.7,0.7,0.5,0.0,0.22620658217165546,0.6496610428850705
203,500,10,0.1,1.0,0.7,0.5,0.0,0.19075557067688692,0.6499128764362393
204,500,10,0.01,1.0,0.7,1.0,0.5,0.37736085185037843,0.6499136459263173
205,200,10,0.1,0.7,1.0,1.0,0.0,0.24540320359432138,0.6504077318655402
206,200,6,0.2,1.0,0.7,1.0,0.5,0.3718843904782161,0.6504344661526983
207,200,7,0.1,1.0,0.7,0.5,0.0,0.39714770384169484,0.6505024994791994
208,200,9,0.2,1.0,0.7,0.5,0.5,0.20351331664983738,0.6505728283640367
209,200,9,0.05,1.0,1.0,0.5,0.0,0.34190273158949114,0.6508653545364815
210,200,6,0.3,1.0,0.7,1.0,0.5,0.3082171984876271,0.6509149526012376
211,500,10,0.1,0.7,1.0,0.5,0.5,0.20664441843855597,0.6509411911312941
212,200,9,0.2,1.0,0.7,1.0,0.5,0.20477072137082816,0.6510548596537853
213,500,10,0.1,1.0,1.0,0.5,0.5,0.19242216622521127,0.6511470225043657
214,200,6,0.2,1.0,0.7,0.5,0.5,0.3684908779692166,0.6511734033813054
215,500,5,0.3,1.0,0.7,1.0,0.5,0.26828529159548586,0.6512458113151476
216,500,6,0.3,1.0,0.7,1.0,0.5,0.21019619123962396,0.6513612635688562
217,200,6,0.2,1.0,1.0,0.5,0.5,0.3635868257389466,0.6513842669682218
218,500,10,0.1,1.0,1.0,1.0,0.5,0.1925898059296416,0.6514369549741282
219,500,5,0.1,1.0,0.7,0.5,0.5,0.43258797015114353,0.6517152008835894
220,500,5,0.1,1.0,0.7,1.0,0.5,0.436443675327774,0.6518452529563099
221,500,5,0.3,1.0,0.7,0.5,0.5,0.2653013548679473,0.6519186510842868
222,200,6,0.2,1.0,1.0,1.0,0.0,0.37225398028746876,0.6520550892997597
223,200,9,0.2,1.0,0.7,0.5,0.0,0.20283703441919393,0.6521815845543725
224,200,7,0.1,0.7,0.7,1.0,0.5,0.3982853611322725,0.6524773360608055
225,500,9,0.1,0.7,1.0,0.5,0.0,0.2277073513235221,0.6524915050028324
226,500,7,0.2,1.0,0.7,0.5,0.0,0.20140513321817613,0.6525175126631395
227,500,7,0.2,1.0,1.0,1.0,0.0,0.2015578758042697,0.6526329520378029
228,500,10,0.01,0.7,0.7,0.5,0.0,0.385780132675665,0.6526552906963378
229,500,7,0.2,1.0,1.0,0.5,0.0,0.2003484424499811,0.6526630269354691
230,500,10,0.1,0.7,1.0,1.0,0.5,0.20599056855605688,0.6528114019900487
231,200,7,0.1,0.7,1.0,1.0,0.5,0.39149047956559824,0.6529814340229084
232,500,10,0.1,1.0,1.0,0.5,0.0,0.19088388458089034,0.653060360934626
233,500,10,0.1,0.7,0.7,0.5,0.0,0.21441319284394636,0.6531613004664532
234,200,9,0.2,1.0,0.7,1.0,0.0,0.20511194732887733,0.653205554266413
235,500,10,0.01,0.7,0.7,0.5,0.5,0.39538954113477887,0.6532939233223017
236,500,10,0.1,1.0,1.0,1.0,0.0,0.19126761974449613,0.6533110381000232
237,200,9,0.2,1.0,1.0,0.5,0.5,0.2020388294340574,0.653333675437546
238,500,10,0.01,0.7,1.0,0.5,0.0,0.38324851988662195,0.6533546630305165
239,200,7,0.1,1.0,0.7,1.0,0.0,0.40377707925435763,0.6533936701508958
240,500,6,0.05,0.7,0.7,1.0,0.5,0.44152804425234365,0.6534603301077547
241,200,7,0.1,0.7,0.7,0.5,0.5,0.3937254601576841,0.6536074570515171
242,500,5,0.1,1.0,0.7,1.0,0.0,0.43677343032755206,0.6536177206300067
243,200,7,0.1,1.0,1.0,0.5,0.0,0.39373638105969416,0.6536212633202834
244,500,10,0.01,0.7,0.7,1.0,0.0,0.39468904659692533,0.6536438777679213
245,200,6,0.2,1.0,0.7,1.0,0.0,0.37318758833939797,0.6536915041198946
246,200,7,0.1,0.7,0.7,1.0,0.0,0.3968713116275919,0.6537327228569789
247,500,10,0.1,0.7,1.0,1.0,0.0,0.21465832346149166,0.65380915625277
248,200,10,0.2,1.0,0.7,1.0,0.5,0.19549485655786,0.6539760313003635
249,200,6,0.3,1.0,1.0,1.0,0.5,0.3038968403356997,0.654043888667108
250,500,10,0.01,0.7,1.0,0.5,0.5,0.3922878342363139,0.6540646684860203
251,200,7,0.3,1.0,0.7,1.0,0.5,0.2399697195387881,0.6540757185690536
252,500,5,0.1,1.0,1.0,1.0,0.5,0.4295714229195243,0.6541133059080633
253,200,7,0.1,1.0,1.0,1.0,0.0,0.39519484537939703,0.6541537934662821
254,500,6,0.05,0.7,1.0,0.5,0.5,0.43210453905571305,0.6541843635604402
255,500,5,0.3,1.0,1.0,0.5,0.5,0.2600115792940791,0.6542006157214647
256,500,9,0.2,1.0,1.0,1.0,0.5,0.1911295687689286,0.6542079993069114
257,500,5,0.2,0.7,0.7,0.5,0.5,0.34017221743393783,0.6542288695674355
258,200,7,0.2,0.7,1.0,0.5,0.5,0.29910467191668555,0.6543090748804229
259,500,10,0.01,0.7,0.7,1.0,0.5,0.4036498393392973,0.6543236513341758
260,500,5,0.1,1.0,1.0,0.5,0.5,0.42808113273357035,0.654483562904351
261,200,10,0.2,1.0,0.7,0.5,0.5,0.194997704596382,0.6545503026992245
262,200,7,0.3,1.0,0.7,0.5,0.5,0.23705973581110942,0.6545742087312919
263,500,10,0.01,0.7,1.0,1.0,0.0,0.39235697348449555,0.6546330848380081
264,500,6,0.3,1.0,0.7,0.5,0.5,0.20926129913696834,0.654669108317732
265,200,9,0.2,1.0,1.0,1.0,0.0,0.20497937540792488,0.6546916615312048
266,500,6,0.3,1.0,1.0,1.0,0.5,0.20790587481202663,0.6547678538591034
267,500,6,0.05,1.0,0.7,0.5,0.5,0.44860018708382826,0.654859219842807
268,200,7,0.3,1.0,1.0,0.5,0.5,0.23285298514497388,0.6549853158207365
269,500,5,0.1,0.7,1.0,1.0,0.5,0.42554469199122175,0.6549894824993181
270,500,6,0.05,0.7,1.0,1.0,0.5,0.435685441054846,0.6550139390994959
271,200,7,0.1,0.7,1.0,1.0,0.0,0.3944266165296024,0.6550228001239035
272,500,9,0.2,1.0,0.7,0.5,0.5,0.1912682134776295,0.6550523920365017
273,500,6,0.05,0.7,0.7,0.5,0.5,0.43946960644455496,0.6550553726665487
274,500,5,0.1,1.0,1.0,1.0,0.0,0.43226442081885286,0.6552536825443023
275,200,6,0.3,1.0,0.7,0.5,0.5,0.3058586885801919,0.6553795212987622
276,500,10,0.01,0.7,1.0,1.0,0.5,0.40109358299541215,0.6556542169930095
277,200,7,0.1,0.7,1.0,0.5,0.5,0.3872550935254411,0.6556653845440751
278,200,10,0.2,1.0,0.7,1.0,0.0,0.1933736318281014,0.6557930897052404
279,200,7,0.1,0.7,0.7,0.5,0.0,0.39616257564109847,0.6558218919267459
280,500,6,0.05,1.0,0.7,1.0,0.5,0.45531867045703317,0.655968364148075
281,200,10,0.2,1.0,1.0,1.0,0.5,0.19486497262325614,0.6560228937346948
282,500,6,0.05,0.7,0.7,1.0,0.0,0.4424259205622006,0.6561510299289525
283,500,5,0.1,0.7,1.0,0.5,0.5,0.4238039866068426,0.656176597351706
284,500,5,0.1,1.0,1.0,0.5,0.0,0.42746169691813524,0.6562120843910476
285,500,5,0.2,0.7,0.7,1.0,0.5,0.3398906900544836,0.6562425615738688
286,500,9,0.2,1.0,0.7,1.0,0.5,0.19130510497593198,0.6562800242890472
287,200,7,0.1,0.7,1.0,0.5,0.0,0.3913654770036999,0.6563776652415008
288,500,5,0.1,0.7,0.7,0.5,0.5,0.4291269693471083,0.6565207167760352
289,200,9,0.2,1.0,1.0,0.5,0.0,0.2026165073758282,0.656556637373563
290,200,6,0.2,1.0,1.0,0.5,0.0,0.3679989536659412,0.6565736457352707
291,500,5,0.1,1.0,0.7,0.5,0.0,0.4331721051708656,0.6565871693101869
292,500,10,0.1,0.7,1.0,0.5,0.0,0.21637825902273441,0.6566311062386582
293,200,6,0.2,1.0,0.7,0.5,0.0,0.3723576396042782,0.6566591651667602
294,500,6,0.05,0.7,1.0,0.5,0.0,0.43474546847975437,0.6567269587694335
295,500,5,0.3,1.0,0.7,0.5,0.0,0.2655776488088313,0.6567507382918639
296,500,5,0.1,0.7,0.7,1.0,0.5,0.43255787682902835,0.656858397337297
297,500,5,0.1,0.7,1.0,1.0,0.0,0.42817140301861595,0.656902800182271
298,200,7,0.2,0.7,0.7,1.0,0.5,0.30600020756532414,0.6569388762310316
299,200,7,0.3,1.0,1.0,1.0,0.5,0.23434111651599043,0.6569775120959418
300,500,6,0.05,0.7,0.7,0.5,0.0,0.43995412846373727,0.657054735209713
301,500,10,0.2,1.0,0.7,1.0,0.5,0.19078872384804932,0.6570672400075351
302,500,5,0.3,1.0,0.7,1.0,0.0,0.26834182347642743,0.657106127082641
303,500,6,0.2,0.7,0.7,1.0,0.5,0.2701108656449465,0.6571606538541269
304,500,10,0.2,1.0,0.7,0.5,0.5,0.19074762654005237,0.6571679275164299
305,500,6,0.05,0.7,1.0,1.0,0.0,0.43696671310979546,0.6572177048928882
306,200,6,0.3,1.0,0.7,1.0,0.0,0.31066469319224294,0.6573989455825437
307,500,5,0.2,0.7,0.7,1.0,0.0,0.3434209926188262,0.6574131245615494
308,500,5,0.2,0.7,1.0,1.0,0.5,0.3351342687414593,0.65742224103408
309,500,6,0.05,1.0,0.7,0.5,0.0,0.4494166720537914,0.6575256053061076
310,500,9,0.2,1.0,1.0,0.5,0.5,0.19107141351504356,0.6575834792234726
311,500,6,0.2,0.7,1.0,1.0,0.5,0.26736173435397287,0.6576373113279174
312,500,9,0.2,1.0,0.7,0.5,0.0,0.18979327013910208,0.6576527541600309
313,500,5,0.3,1.0,1.0,0.5,0.0,0.2612291236378803,0.6578303199864307
314,500,5,0.2,0.7,1.0,0.5,0.5,0.33422971701809384,0.658274038116404
315,500,6,0.05,1.0,1.0,0.5,0.5,0.4468394216614842,0.6584469247982512
316,500,6,0.05,1.0,1.0,1.0,0.5,0.45088943711972856,0.6585826796069241
317,500,6,0.3,1.0,0.7,1.0,0.0,0.2090587154459715,0.6587133012007743
318,500,6,0.05,1.0,0.7,1.0,0.0,0.4562430931857517,0.658834295309187
319,200,10,0.2,1.0,0.7,0.5,0.0,0.19296130094714864,0.658853341860705
320,500,10,0.2,1.0,1.0,1.0,0.5,0.19066921292696773,0.658879161701294
321,500,5,0.3,1.0,1.0,1.0,0.0,0.2641838870112676,0.6589156028412329
322,500,6,0.2,0.7,0.7,0.5,0.5,0.2702151754642288,0.6590380073451118
323,500,6,0.2,0.7,1.0,0.5,0.5,0.2678415588623184,0.6590882602165827
324,500,10,0.01,1.0,1.0,0.5,0.0,0.3592706908178418,0.6592506842155708
325,500,5,0.1,0.7,0.7,0.5,0.0,0.4310334069222676,0.6592708274137817
326,200,10,0.2,1.0,1.0,1.0,0.0,0.19353700930208817,0.6592786651682004
327,500,9,0.2,1.0,0.7,1.0,0.0,0.189853662895735,0.659323975143025
328,500,5,0.1,0.7,1.0,0.5,0.0,0.4268410408333132,0.6593256329912095
329,500,10,0.2,1.0,0.7,1.0,0.0,0.18965483049285667,0.6594529340978824
330,200,7,0.3,1.0,0.7,1.0,0.0,0.24288073196394577,0.6596347997811054
331,500,6,0.2,0.7,0.7,1.0,0.0,0.277574923740624,0.6597538006115292
332,200,6,0.3,1.0,1.0,0.5,0.5,0.29964122503477336,0.6598739925093573
333,500,10,0.01,1.0,1.0,0.5,0.5,0.37063156758260796,0.6599679906778235
334,200,7,0.2,0.7,1.0,1.0,0.5,0.3012127627726887,0.6601059235589097
335,200,6,0.3,1.0,1.0,1.0,0.0,0.3090631652633429,0.6601236914957407
336,200,7,0.2,0.7,0.7,0.5,0.5,0.3034447026813486,0.660170695875648
337,500,7,0.2,0.7,0.7,1.0,0.5,0.23294562166039087,0.6602570382923528
338,500,7,0.3,1.0,0.7,1.0,0.5,0.19446813038718333,0.6603207746054245
339,500,5,0.1,0.7,0.7,1.0,0.0,0.43310058295401926,0.660324463491775
340,500,6,0.3,1.0,1.0,0.5,0.5,0.20698308100989482,0.6607021862947352
341,500,9,0.01,1.0,0.7,0.5,0.0,0.42913036601882465,0.660779920466375
342,500,6,0.05,1.0,1.0,0.5,0.0,0.44908792137907755,0.6608039562788743
343,500,6,0.05,1.0,1.0,1.0,0.0,0.45337122561598864,0.660868150760526
344,500,7,0.3,1.0,0.7,0.5,0.5,0.19413966789916123,0.6609221309027146
345,200,6,0.2,0.7,1.0,1.0,0.5,0.37340372282842993,0.660969703719396
346,200,10,0.2,1.0,1.0,0.5,0.5,0.1942785896585472,0.660984650527665
347,500,9,0.2,1.0,1.0,1.0,0.0,0.18985971656808479,0.660986493189916
348,200,5,0.3,1.0,1.0,1.0,0.5,0.40358541428119654,0.6610766058164806
349,500,10,0.01,1.0,1.0,1.0,0.0,0.369881819235384,0.6610962532132016
350,500,7,0.3,1.0,1.0,0.5,0.5,0.19348124198292665,0.6611673093398966
351,500,10,0.01,1.0,1.0,1.0,0.5,0.3796725894978902,0.6612017082788813
352,200,7,0.2,0.7,1.0,1.0,0.0,0.3062579798199515,0.6613070843284954
353,200,6,0.2,0.7,0.7,1.0,0.5,0.3816918628169308,0.6613396981460349
354,500,6,0.3,1.0,1.0,1.0,0.0,0.20751940631333216,0.6616885206973256
355,500,5,0.2,0.7,1.0,1.0,0.0,0.33857346279129247,0.6616953124373348
356,500,7,0.2,0.7,1.0,0.5,0.5,0.23384225603063463,0.6617834030326565
357,500,9,0.2,1.0,1.0,0.5,0.0,0.1898081419612759,0.6619308352476377
358,500,10,0.2,1.0,0.7,0.5,0.0,0.18965106144235896,0.661938126796326
359,200,7,0.2,0.7,0.7,0.5,0.0,0.31140764243021923,0.6620572868411658
360,200,6,0.2,0.7,0.7,0.5,0.5,0.37862172500224905,0.6621694118126853
361,200,7,0.2,0.7,0.7,1.0,0.0,0.3121544611520687,0.6621935899390073
362,500,9,0.01,1.0,0.7,0.5,0.5,0.4383021865210823,0.6622271066325456
363,200,9,0.3,1.0,0.7,0.5,0.5,0.19456294714600084,0.6623116322360395
364,500,9,0.01,1.0,0.7,1.0,0.0,0.4379732578626439,0.6623340746431395
365,200,6,0.3,1.0,1.0,0.5,0.0,0.303765120242189,0.6624305575800122
366,200,6,0.2,0.7,1.0,0.5,0.5,0.37286943602328454,0.6627026739232164
367,200,9,0.2,0.7,0.7,1.0,0.5,0.22850029439901404,0.6629889019287417
368,500,10,0.2,1.0,1.0,1.0,0.0,0.18965572767552066,0.6630142146744635
369,500,7,0.3,1.0,1.0,1.0,0.5,0.1937452107716661,0.6630175700258183
370,200,6,0.3,1.0,0.7,0.5,0.0,0.307970331497954,0.6632223394171454
371,200,9,0.3,1.0,0.7,1.0,0.5,0.19483346958024747,0.6632365076752557
372,200,7,0.3,1.0,0.7,0.5,0.0,0.23978804166110007,0.663309602508397
373,200,7,0.3,1.0,1.0,0.5,0.0,0.23654039471121255,0.6633278660310642
374,500,10,0.2,1.0,1.0,0.5,0.5,0.1906763285073515,0.663445379012776
375,500,9,0.01,1.0,0.7,1.0,0.5,0.44606238471087056,0.6636555114658202
376,500,6,0.2,0.7,1.0,1.0,0.0,0.276111328747507,0.6638084511174425
377,500,6,0.2,0.7,1.0,0.5,0.0,0.279520767815728,0.6639888411151346
378,200,6,0.2,0.7,1.0,0.5,0.0,0.37740726197312646,0.6639990057312007
379,500,6,0.2,0.7,0.7,0.5,0.0,0.27931643213401675,0.6641344179610454
380,500,7,0.2,0.7,1.0,1.0,0.5,0.2320964961543215,0.6641812396882515
381,200,10,0.2,1.0,1.0,0.5,0.0,0.19290384012163672,0.6642033055504285
382,200,6,0.2,0.7,0.7,1.0,0.0,0.3840328234721555,0.6642813847675288
383,200,10,0.2,0.7,0.7,1.0,0.5,0.2136550223713376,0.6643700182141649
384,500,6,0.3,1.0,1.0,0.5,0.0,0.20603590304726813,0.6646214004900031
385,500,6,0.3,1.0,0.7,0.5,0.0,0.20790676225097426,0.6647303825177813
386,500,9,0.3,1.0,0.7,0.5,0.5,0.19065183488432536,0.6648522765095438
387,500,7,0.2,0.7,0.7,0.5,0.5,0.23385659007079876,0.6650736161414835
388,200,7,0.3,1.0,1.0,1.0,0.0,0.23979114732139573,0.6651486165559403
389,200,5,0.3,1.0,1.0,0.5,0.5,0.40226372406437433,0.6652384961040506
390,200,5,0.3,1.0,0.7,0.5,0.5,0.40863680470486835,0.6653560353194174
391,200,9,0.3,1.0,1.0,1.0,0.5,0.19420550349481402,0.6654071552649348
392,500,5,0.2,0.7,0.7,0.5,0.0,0.34352592656608194,0.6654354239290955
393,500,9,0.01,0.7,1.0,0.5,0.0,0.4463621853519737,0.6656094253991074
394,500,5,0.2,0.7,1.0,0.5,0.0,0.3414128067884456,0.6656795714291778
395,500,7,0.3,1.0,0.7,1.0,0.0,0.19233218107701766,0.6657023742549497
396,200,9,0.2,0.7,1.0,1.0,0.5,0.22771278941649578,0.6658069415616733
397,200,9,0.2,0.7,1.0,0.5,0.5,0.22839133124471395,0.6659417826942318
398,500,7,0.2,0.7,1.0,1.0,0.0,0.24375057292057717,0.6659467417432667
399,500,9,0.01,0.7,0.7,0.5,0.0,0.450150816051245,0.6659746477634451
400,500,9,0.3,1.0,0.7,1.0,0.5,0.19063806653714307,0.6661755391589338
401,200,5,0.3,1.0,0.7,1.0,0.5,0.41279784335701214,0.6662747931403921
402,200,6,0.2,0.7,0.7,0.5,0.0,0.3829384667518456,0.6662823637348557
403,200,6,0.2,0.7,1.0,1.0,0.0,0.37945961551475815,0.6662924319217879
404,500,9,0.01,0.7,0.7,0.5,0.5,0.457791999702088,0.6664300971115462
405,200,9,0.3,1.0,0.7,1.0,0.0,0.1929760178701184,0.6666574290852989
406,200,9,0.2,0.7,0.7,0.5,0.5,0.22855789119606218,0.6666919914447058
407,200,9,0.2,0.7,0.7,1.0,0.0,0.23670094344575343,0.6667304113707307
408,200,7,0.2,0.7,1.0,0.5,0.0,0.31073647379316943,0.6668163411192696
409,500,9,0.01,0.7,0.7,1.0,0.0,0.45765840907179334,0.6668697875747328
410,200,5,0.2,1.0,1.0,1.0,0.5,0.4705621510025797,0.6670731958506503
411,500,9,0.01,0.7,1.0,0.5,0.5,0.4541062865799061,0.6671148116914846
412,500,7,0.2,0.7,0.7,1.0,0.0,0.24299971829444827,0.6671244825197677
413,500,10,0.2,1.0,1.0,0.5,0.0,0.18965159455684577,0.66722631285977
414,200,9,0.2,0.7,1.0,1.0,0.0,0.23885476966150535,0.6673485099988625
415,200,10,0.2,0.7,0.7,1.0,0.0,0.2212637717644952,0.6673860502386726
416,500,9,0.01,0.7,1.0,1.0,0.0,0.454349899468448,0.667548974495612
417,200,5,0.2,1.0,1.0,0.5,0.5,0.46408868526523145,0.667767142658378
418,500,9,0.01,0.7,0.7,1.0,0.5,0.4651272691936745,0.6678207889968734
419,500,9,0.3,1.0,1.0,1.0,0.5,0.19059595233353738,0.6678888246384603
420,500,9,0.01,0.7,1.0,1.0,0.5,0.46061204115764803,0.6684260779502184
421,200,5,0.3,1.0,0.7,1.0,0.0,0.4116090994567234,0.6686773346477911
422,500,7,0.2,0.7,0.7,0.5,0.0,0.24716694854413346,0.6687575185520748
423,200,9,0.3,1.0,1.0,0.5,0.5,0.1938686712766549,0.6687841696426843
424,200,10,0.2,0.7,1.0,0.5,0.5,0.21445566704875335,0.6688674454935938
425,200,6,0.1,1.0,0.7,0.5,0.0,0.4856093961713658,0.6691925157932077
426,500,5,0.3,0.7,0.7,0.5,0.5,0.30294597692266073,0.6692733744319179
427,200,5,0.3,1.0,0.7,0.5,0.0,0.41049316940584096,0.6694179932947705
428,500,9,0.01,1.0,1.0,0.5,0.0,0.431119064239138,0.669431930007129
429,200,5,0.3,1.0,1.0,0.5,0.0,0.4057627689118883,0.6694757199290879
430,200,5,0.3,1.0,1.0,1.0,0.0,0.40658329334992316,0.6695540467631069
431,500,7,0.3,1.0,1.0,0.5,0.0,0.19163950135887345,0.6696273651403426
432,200,10,0.2,0.7,1.0,1.0,0.5,0.21388061060213137,0.6696590893835604
433,200,6,0.1,1.0,0.7,1.0,0.5,0.49258992775560884,0.6696602745953699
434,500,7,0.3,1.0,0.7,0.5,0.0,0.191959313167555,0.6697230526308914
435,200,6,0.1,1.0,0.7,1.0,0.0,0.49088910525080814,0.669781298500035
436,200,6,0.1,0.7,1.0,0.5,0.5,0.47662714899634434,0.6697850450067122
437,500,9,0.3,1.0,0.7,1.0,0.0,0.18964811798621983,0.6698690139529262
438,200,5,0.2,1.0,0.7,0.5,0.5,0.4724538160329318,0.6698731393855146
439,200,9,0.3,1.0,1.0,1.0,0.0,0.19276498780421542,0.6698940923221985
440,200,6,0.1,1.0,0.7,0.5,0.5,0.4899651610602895,0.6699111527634968
441,200,10,0.2,0.7,1.0,1.0,0.0,0.22214593264344357,0.6700019540126729
442,200,5,0.2,1.0,0.7,1.0,0.0,0.4779423916837609,0.6700109999956102
443,200,10,0.3,1.0,0.7,0.5,0.5,0.19181955324912656,0.6700156974983302
444,200,10,0.3,1.0,0.7,1.0,0.5,0.19201116801266488,0.6701247729377119
445,500,9,0.01,1.0,1.0,0.5,0.5,0.4403775381091351,0.6705120758497317
446,200,6,0.1,1.0,1.0,0.5,0.5,0.4850799655706157,0.6705124623357975
447,200,6,0.1,0.7,0.7,0.5,0.5,0.48014643572715704,0.6705240000547416
448,500,5,0.3,0.7,1.0,1.0,0.5,0.2985331188007651,0.6708603119395299
449,200,5,0.2,1.0,0.7,1.0,0.5,0.47670778880363923,0.6708773169900382
450,200,10,0.2,0.7,0.7,0.5,0.5,0.21415801272086527,0.6708825503153426
451,500,9,0.01,1.0,1.0,1.0,0.5,0.4472562739303883,0.6709234554059297
452,200,9,0.2,0.7,0.7,0.5,0.0,0.23934577642010757,0.6709562530800178
453,500,9,0.3,1.0,1.0,0.5,0.5,0.19060229602367243,0.6710186482371082
454,200,10,0.3,1.0,0.7,1.0,0.0,0.19016181372847832,0.6711103083682994
455,500,10,0.3,1.0,0.7,0.5,0.5,0.19052883383344632,0.671208981809623
456,500,10,0.3,1.0,0.7,1.0,0.5,0.19055221584290624,0.6714015759152102
457,200,6,0.1,0.7,0.7,1.0,0.0,0.48543970912996215,0.671456658141535
458,500,9,0.2,0.7,0.7,1.0,0.5,0.20494643656942182,0.6714809164512513
459,500,9,0.01,1.0,1.0,1.0,0.0,0.4421282662082862,0.6717558457418167
460,200,10,0.3,1.0,1.0,1.0,0.5,0.19166667568570142,0.6718244211458559
461,200,9,0.2,0.7,1.0,0.5,0.0,0.23999792420587346,0.6718734694225248
462,200,6,0.1,1.0,1.0,1.0,0.5,0.4842437417166406,0.6720126350961397
463,200,10,0.3,1.0,1.0,0.5,0.5,0.1915675323442586,0.6720368304698026
464,500,7,0.3,1.0,1.0,1.0,0.0,0.19210730853030564,0.6721023477697498
465,200,6,0.1,1.0,1.0,0.5,0.0,0.4846116329349782,0.6721262583348051
466,200,6,0.1,0.7,1.0,1.0,0.0,0.47971807164874475,0.6721856069801884
467,500,10,0.3,1.0,0.7,1.0,0.0,0.18964529708794503,0.6723146939365846
468,200,5,0.2,1.0,1.0,1.0,0.0,0.47142862413686887,0.6723778817280184
469,200,6,0.1,0.7,0.7,0.5,0.0,0.4799611796305713,0.6725191833737296
470,500,5,0.3,0.7,0.7,1.0,0.5,0.3031793212006385,0.6725606641132336
471,200,6,0.1,0.7,1.0,0.5,0.0,0.47702737380249743,0.6728100665851707
472,200,6,0.3,0.7,1.0,1.0,0.5,0.327827504757963,0.672855388894093
473,500,10,0.3,1.0,1.0,1.0,0.5,0.19050506206747175,0.6728773947317295
474,200,6,0.1,0.7,1.0,1.0,0.5,0.4804462221457806,0.6729017607230158
475,500,10,0.3,1.0,1.0,0.5,0.5,0.19050716662260334,0.6730279867346848
476,500,9,0.3,1.0,1.0,1.0,0.0,0.189647895776643,0.673115905099239
477,200,5,0.2,1.0,1.0,0.5,0.0,0.4672277316279624,0.6731768292331805
478,200,6,0.1,0.7,0.7,1.0,0.5,0.48542069547036715,0.6732258529493542
479,500,10,0.2,0.7,0.7,1.0,0.5,0.1998761138138606,0.6737257590465147
480,200,6,0.1,1.0,1.0,1.0,0.0,0.4886718305892341,0.6737910057980898
481,200,5,0.2,1.0,0.7,0.5,0.0,0.4746087125446541,0.6739027744734335
482,200,9,0.3,1.0,0.7,0.5,0.0,0.19250969554117667,0.6739291338188806
483,200,9,0.3,1.0,1.0,0.5,0.0,0.19269271149213213,0.6740788858960671
484,200,6,0.3,0.7,0.7,1.0,0.5,0.3338684812069316,0.6741013300935115
485,500,7,0.2,0.7,1.0,0.5,0.0,0.24746251311476708,0.6743807502683555
486,500,9,0.2,0.7,1.0,0.5,0.5,0.20682972505492403,0.6747689935844858
487,200,7,0.3,0.7,1.0,1.0,0.5,0.26759496995233845,0.6748537499109949
488,200,6,0.3,0.7,1.0,0.5,0.5,0.3266609498692035,0.6751424921657259
489,200,10,0.2,0.7,0.7,0.5,0.0,0.22329299044818718,0.6751657607067751
490,500,9,0.2,0.7,1.0,1.0,0.5,0.20555218439769357,0.675204691247787
491,200,5,0.3,0.7,1.0,1.0,0.5,0.4188777484063029,0.6753463345028755
492,200,10,0.3,1.0,1.0,1.0,0.0,0.1901662134172501,0.6754065538533411
493,200,7,0.05,0.7,0.7,0.5,0.5,0.502041746752225,0.6757008775082785
494,500,9,0.2,0.7,1.0,1.0,0.0,0.21524928589708378,0.6758600288797881
495,200,5,0.3,0.7,0.7,0.5,0.5,0.4249754549693163,0.6759221633624116
496,200,5,0.2,0.7,1.0,0.5,0.5,0.4692646366164938,0.6761432440936808
497,200,7,0.05,1.0,0.7,0.5,0.5,0.5060709399742347,0.6762059449322467
498,200,7,0.05,0.7,0.7,1.0,0.0,0.5058656368378134,0.6762318684687382
499,200,5,0.2,0.7,0.7,0.5,0.5,0.47779211904059826,0.6763078703558201
500,200,6,0.3,0.7,0.7,0.5,0.5,0.3325499501790952,0.6763168757572353
501,200,7,0.05,0.7,1.0,0.5,0.0,0.4959676553686812,0.6763796451360105
502,500,5,0.3,0.7,1.0,1.0,0.0,0.306689115748304,0.6764138944754701
503,200,10,0.2,0.7,1.0,0.5,0.0,0.22536527573419066,0.676442223860184
504,500,10,0.3,1.0,1.0,1.0,0.0,0.18964533778012035,0.6765912921064178
505,200,7,0.05,0.7,0.7,0.5,0.0,0.5012562777415103,0.6766422637366295
506,200,7,0.05,0.7,1.0,1.0,0.0,0.5011237797776424,0.6766830033883845
507,500,5,0.3,0.7,1.0,0.5,0.5,0.2995465032027896,0.6766906895444559
508,500,9,0.3,1.0,0.7,0.5,0.0,0.18964590228872932,0.6767103128969731
509,200,7,0.3,0.7,0.7,1.0,0.5,0.26946813444181617,0.676719768787881
510,200,10,0.3,1.0,0.7,0.5,0.0,0.1900722530829374,0.6768504803954866
511,500,9,0.3,1.0,1.0,0.5,0.0,0.18964634299943162,0.6768519137288289
512,200,7,0.05,0.7,0.7,1.0,0.5,0.5082799083564403,0.6769710839695244
513,200,7,0.05,0.7,1.0,0.5,0.5,0.4972848220726058,0.6770443501288519
514,500,10,0.2,0.7,1.0,1.0,0.5,0.20034132845108815,0.6772411471477028
515,200,7,0.05,0.7,1.0,1.0,0.5,0.5022455665133523,0.6772586420104152
516,500,6,0.3,0.7,1.0,1.0,0.5,0.24746513854736085,0.6773150929447278
517,200,7,0.05,1.0,0.7,0.5,0.0,0.5033949385765655,0.677493867145539
518,500,5,0.3,0.7,0.7,0.5,0.0,0.31260947103291853,0.6775536308508584
519,500,9,0.2,0.7,0.7,1.0,0.0,0.2130778046399674,0.6776593699850447
520,200,5,0.2,0.7,1.0,1.0,0.5,0.47353079344748095,0.6776770125919782
521,200,5,0.2,0.7,0.7,1.0,0.5,0.47926935609560817,0.677771942514812
522,500,10,0.3,1.0,0.7,0.5,0.0,0.18964487924037482,0.677807465071113
523,200,6,0.3,0.7,1.0,1.0,0.0,0.3343969776429683,0.6780241762287789
524,200,7,0.05,1.0,0.7,1.0,0.5,0.5132877544437728,0.678361005629613
525,200,5,0.2,0.7,0.7,1.0,0.0,0.47990717859974635,0.6784790634370629
526,500,10,0.2,0.7,1.0,1.0,0.0,0.20786356871899517,0.6785104682529697
527,200,10,0.3,1.0,1.0,0.5,0.0,0.19005971281876582,0.6787817355208015
528,500,6,0.3,0.7,0.7,1.0,0.5,0.2494385765093571,0.6789652478026742
529,500,9,0.2,0.7,0.7,0.5,0.5,0.2062905604818077,0.6791310714966293
530,500,5,0.3,0.7,0.7,1.0,0.0,0.3081919420078599,0.679292792489103
531,200,7,0.05,1.0,0.7,1.0,0.0,0.510645968535762,0.6793614334479768
532,200,7,0.05,1.0,1.0,0.5,0.5,0.5065286514023482,0.6793818571310454
533,500,10,0.2,0.7,1.0,0.5,0.5,0.20130747614405423,0.6794302385671829
534,200,6,0.3,0.7,0.7,1.0,0.0,0.3392624458149964,0.6795183054020529
535,200,5,0.3,0.7,0.7,1.0,0.5,0.42693515978236746,0.6795553922570727
536,500,10,0.2,0.7,0.7,1.0,0.0,0.2062778318690105,0.6797551949991029
537,500,10,0.3,1.0,1.0,0.5,0.0,0.1896449155371114,0.679787310287234
538,500,6,0.3,0.7,1.0,0.5,0.5,0.24973767661076526,0.6798829776994612
539,200,5,0.3,0.7,1.0,0.5,0.5,0.41574710066113346,0.6801611448726028
540,200,7,0.3,0.7,1.0,0.5,0.5,0.2686925119453486,0.680354559912343
541,500,5,0.3,0.7,1.0,0.5,0.0,0.30966893275309504,0.6805473516697386
542,500,5,0.05,0.7,1.0,1.0,0.5,0.5328080748825152,0.6809384736096707
543,200,7,0.05,1.0,1.0,1.0,0.5,0.5116514993075701,0.6810825523725635
544,200,7,0.05,1.0,1.0,0.5,0.0,0.5041748731982103,0.6813609211288989
545,200,7,0.3,0.7,1.0,1.0,0.0,0.27717742725841477,0.6814476974199652
546,200,7,0.05,1.0,1.0,1.0,0.0,0.5104273000789252,0.6817036008091631
547,200,6,0.3,0.7,0.7,0.5,0.0,0.3379303720388342,0.6817729026147367
548,200,5,0.3,0.7,1.0,1.0,0.0,0.42194984666279045,0.6818142095132366
549,200,5,0.3,0.7,0.7,1.0,0.0,0.4273859715127941,0.6819035332493665
550,500,5,0.05,0.7,1.0,0.5,0.5,0.5309390636615723,0.6820170065914032
551,200,7,0.3,0.7,0.7,1.0,0.0,0.2793286290417196,0.6820546175804072
552,200,5,0.2,0.7,1.0,1.0,0.0,0.4730453913448253,0.6821764926660645
553,500,10,0.2,0.7,0.7,0.5,0.5,0.20101181889819586,0.6824654229503823
554,200,6,0.3,0.7,1.0,0.5,0.0,0.3365216755565163,0.682466201317625
555,500,5,0.05,0.7,0.7,1.0,0.5,0.5399780189940538,0.6825417142644145
556,500,5,0.05,0.7,1.0,0.5,0.0,0.5309168568794417,0.6830755708220133
557,500,5,0.05,0.7,0.7,1.0,0.0,0.5392340888737824,0.6831262645236831
558,500,6,0.3,0.7,0.7,0.5,0.5,0.2505496943501399,0.6831634645510536
559,500,5,0.05,0.7,1.0,1.0,0.0,0.5345368227519265,0.68322497740874
560,200,7,0.3,0.7,0.7,0.5,0.5,0.270377846427756,0.6834056651495781
561,200,5,0.2,0.7,0.7,0.5,0.0,0.47823312333768503,0.6835163273132084
562,500,5,0.05,0.7,0.7,0.5,0.5,0.5368615816087415,0.6837053518253849
563,500,5,0.05,0.7,0.7,0.5,0.0,0.5363003312009988,0.6838488811879483
564,200,5,0.2,0.7,1.0,0.5,0.0,0.4727465364394114,0.6841954642408611
565,200,5,0.3,0.7,1.0,0.5,0.0,0.4206162979191803,0.684322149782535
566,500,6,0.3,0.7,1.0,1.0,0.0,0.259592294210703,0.684801041582593
567,200,9,0.3,0.7,0.7,1.0,0.5,0.21749554380708258,0.6848512810286207
568,200,5,0.3,0.7,0.7,0.5,0.0,0.4279452705698298,0.6859559445656345
569,500,9,0.2,0.7,1.0,0.5,0.0,0.21801475879141086,0.6863019708001036
570,500,9,0.2,0.7,0.7,0.5,0.0,0.21591483951857163,0.6865085641697929
571,500,6,0.3,0.7,0.7,1.0,0.0,0.25892039897986485,0.6866492855023621
572,500,5,0.05,1.0,0.7,0.5,0.5,0.5503316705525235,0.6871186065650055
573,200,7,0.3,0.7,0.7,0.5,0.0,0.28280314738882073,0.6871567307864714
574,500,7,0.3,0.7,1.0,1.0,0.5,0.22271762043434734,0.6872041245808789
575,500,3,0.3,1.0,1.0,0.5,0.5,0.5180232653589535,0.687532973096732
576,500,7,0.3,0.7,0.7,1.0,0.5,0.22272688858178163,0.6876392713741187
577,200,9,0.3,0.7,0.7,0.5,0.5,0.21921991028975882,0.6876459584444501
578,500,5,0.05,1.0,0.7,0.5,0.0,0.5488259390761525,0.687836816714103
579,500,3,0.3,1.0,1.0,1.0,0.5,0.5210179671998275,0.687898248219025
580,500,5,0.05,1.0,0.7,1.0,0.5,0.5526835581388513,0.6879519489841043
581,500,5,0.05,1.0,1.0,0.5,0.5,0.5476066754918478,0.6882194838575089
582,200,9,0.3,0.7,1.0,1.0,0.5,0.21743274435236276,0.6886085631946971
583,500,3,0.3,1.0,0.7,0.5,0.0,0.5231039989599803,0.6887068136040582
584,500,10,0.2,0.7,0.7,0.5,0.0,0.2089408983909044,0.6888009486567426
585,500,3,0.3,1.0,0.7,0.5,0.5,0.5247812665833845,0.6888394389817558
586,500,5,0.05,1.0,1.0,0.5,0.0,0.5464443129240674,0.6890554026278581
587,500,5,0.05,1.0,0.7,1.0,0.0,0.551914249599053,0.6891014249096256
588,500,3,0.3,1.0,0.7,1.0,0.5,0.5272959373123345,0.6892661590567254
589,500,3,0.3,1.0,1.0,0.5,0.0,0.5165201583790582,0.6895428126347718
590,200,9,0.3,0.7,1.0,1.0,0.0,0.2292245553314778,0.6896050678452342
591,500,5,0.05,1.0,1.0,1.0,0.0,0.5502306146302505,0.6896081012599365
592,500,3,0.3,1.0,0.7,1.0,0.0,0.5254052908582236,0.689644709483515
593,500,3,0.3,1.0,1.0,1.0,0.0,0.5196701272054368,0.6903044653729778
594,500,5,0.05,1.0,1.0,1.0,0.5,0.551253251856329,0.6906533646696748
595,200,7,0.3,0.7,1.0,0.5,0.0,0.28233186476489974,0.6919724308208481
596,200,10,0.3,0.7,1.0,1.0,0.5,0.20849213596345675,0.6927957602834228
597,500,10,0.2,0.7,1.0,0.5,0.0,0.2110647906010001,0.6928314295349293
598,200,9,0.3,0.7,0.7,1.0,0.0,0.2268106440367067,0.6932255192914684
599,200,10,0.3,0.7,0.7,1.0,0.5,0.207768527992411,0.693609512238787
600,200,9,0.3,0.7,1.0,0.5,0.5,0.21991161733164188,0.6941570016637013
601,200,10,0.3,0.7,0.7,1.0,0.0,0.21690973818199927,0.6942340144809489
602,500,6,0.3,0.7,1.0,0.5,0.0,0.2648016995405876,0.6951371483408164
603,500,7,0.3,0.7,0.7,1.0,0.0,0.23368908443663927,0.6954274866993486
604,500,7,0.3,0.7,1.0,1.0,0.0,0.2352062499078327,0.695492324177845
605,500,7,0.3,0.7,1.0,0.5,0.5,0.22513880980452577,0.695507645259921
606,200,10,0.3,0.7,0.7,0.5,0.5,0.20873709657140022,0.6956295650194229
607,200,10,0.3,0.7,1.0,1.0,0.0,0.2180535693436011,0.6959327629774507
608,200,9,0.3,0.7,1.0,0.5,0.0,0.23278679243124695,0.6962971529028593
609,500,3,0.3,0.7,0.7,1.0,0.0,0.5320863560003151,0.696771081600612
610,500,3,0.3,0.7,1.0,1.0,0.5,0.5261857689988548,0.6969042635901391
611,500,3,0.3,0.7,1.0,0.5,0.0,0.5230143020097687,0.696926912898771
612,200,10,0.3,0.7,1.0,0.5,0.5,0.20970714221061354,0.6972787865517908
613,500,3,0.3,0.7,1.0,1.0,0.0,0.527224226900048,0.6973461364651266
614,200,9,0.3,0.7,0.7,0.5,0.0,0.23059407837463078,0.6982129818627215
615,500,3,0.3,0.7,1.0,0.5,0.5,0.5247811555788334,0.6984525558173582
616,500,6,0.3,0.7,0.7,0.5,0.0,0.2637517154480166,0.6984933451296729
617,500,3,0.3,0.7,0.7,0.5,0.5,0.5321200873359202,0.6990102919613306
618,500,9,0.3,0.7,0.7,1.0,0.5,0.20324448669267833,0.6993391807748927
619,500,3,0.2,1.0,1.0,1.0,0.5,0.5739741612882288,0.6996180378900001
620,500,7,0.3,0.7,0.7,0.5,0.5,0.22418199231376537,0.699709814527378
621,200,5,0.1,0.7,1.0,0.5,0.5,0.5707432953955434,0.7000587334069296
622,200,5,0.1,0.7,1.0,1.0,0.0,0.5741016828447835,0.7010318110934951
623,200,5,0.1,0.7,1.0,1.0,0.5,0.5718659591123991,0.701466299491932
624,500,3,0.3,0.7,0.7,0.5,0.0,0.5328462361158498,0.7016690391073659
625,500,3,0.2,0.7,1.0,0.5,0.5,0.5712588619837027,0.7017557371967007
626,500,3,0.3,0.7,0.7,1.0,0.5,0.5343971850110721,0.702096975510353
627,200,5,0.1,1.0,0.7,1.0,0.5,0.5840237098234965,0.7021702346533072
628,200,5,0.1,0.7,0.7,0.5,0.5,0.5760272223368542,0.7022239862543738
629,500,3,0.2,1.0,0.7,0.5,0.5,0.5771369213811938,0.7022845764799548
630,500,3,0.2,1.0,1.0,0.5,0.5,0.572344558208803,0.7023015485323746
631,200,5,0.1,0.7,1.0,0.5,0.0,0.5725401360715406,0.7024113948973345
632,500,3,0.2,1.0,0.7,1.0,0.0,0.5800403767627282,0.7028367730344839
633,500,3,0.2,1.0,1.0,1.0,0.0,0.5727453970253402,0.7028579410751026
634,500,3,0.2,1.0,0.7,1.0,0.5,0.5796692134128484,0.7028698507812148
635,200,5,0.1,0.7,0.7,1.0,0.5,0.5787269732666366,0.7028827131191842
636,200,5,0.1,0.7,0.7,1.0,0.0,0.5768900923658371,0.7028862304463179
637,500,3,0.2,1.0,1.0,0.5,0.0,0.571312962001479,0.7029109583132298
638,200,5,0.1,1.0,1.0,1.0,0.0,0.580459610479489,0.7029405318684468
639,500,3,0.2,1.0,0.7,0.5,0.0,0.5763893041495383,0.7029418209044097
640,200,5,0.1,1.0,1.0,0.5,0.5,0.57977691320716,0.7031379599127117
641,200,10,0.3,0.7,0.7,0.5,0.0,0.2200482166846344,0.7032623925474141
642,200,5,0.1,1.0,0.7,0.5,0.5,0.5840989332400358,0.7035664653377881
643,200,5,0.1,1.0,1.0,0.5,0.0,0.5781316497651626,0.7036425601856153
644,500,3,0.2,0.7,1.0,1.0,0.5,0.5716082362707331,0.7038288858575943
645,500,3,0.2,0.7,1.0,0.5,0.0,0.5688131428464492,0.7038524138750943
646,200,5,0.1,0.7,0.7,0.5,0.0,0.57699755330103,0.7042475367666424
647,200,6,0.05,0.7,1.0,0.5,0.5,0.5805029954867404,0.7043578535711996
648,500,3,0.2,0.7,1.0,1.0,0.0,0.5711388316387102,0.7045094254798059
649,200,5,0.1,1.0,0.7,0.5,0.0,0.5818103301487099,0.7045295338910212
650,200,5,0.1,1.0,0.7,1.0,0.0,0.5857236929645677,0.7046813565577509
651,200,5,0.1,1.0,1.0,1.0,0.5,0.5826324161868297,0.7046820972242525
652,500,9,0.3,0.7,1.0,1.0,0.5,0.20381579906038816,0.7050091469685803
653,200,6,0.05,0.7,1.0,0.5,0.0,0.5797021613778625,0.7053908883071729
654,500,3,0.2,0.7,0.7,1.0,0.5,0.5795200258218879,0.7057049724033584
655,500,3,0.2,0.7,0.7,0.5,0.5,0.576235823901287,0.7057064167718928
656,500,7,0.3,0.7,0.7,0.5,0.0,0.23886827560167065,0.7061593337564189
657,200,6,0.05,0.7,0.7,0.5,0.5,0.5876224405051512,0.7062726386166587
658,200,6,0.05,0.7,0.7,1.0,0.5,0.5896468895666019,0.7063562283309682
659,200,6,0.05,0.7,1.0,1.0,0.0,0.5825185487692786,0.7065191985779872
660,500,3,0.2,0.7,0.7,0.5,0.0,0.5764141646472861,0.7066397444643139
661,500,3,0.2,0.7,0.7,1.0,0.0,0.5768939971501819,0.7068543453888336
662,200,6,0.05,1.0,0.7,0.5,0.0,0.589208783349871,0.7072536702545562
663,200,10,0.3,0.7,1.0,0.5,0.0,0.22132723186322928,0.7072575103211313
664,200,6,0.05,0.7,0.7,1.0,0.0,0.5881276700472011,0.7074007589100116
665,200,6,0.05,0.7,0.7,0.5,0.0,0.5856451191753199,0.7074788537884383
666,200,6,0.05,1.0,0.7,0.5,0.5,0.5934535000241241,0.7077385348956491
667,200,6,0.05,0.7,1.0,1.0,0.5,0.5858946077188394,0.7080790919500577
668,500,7,0.3,0.7,1.0,0.5,0.0,0.24086387369543863,0.708492066483194
669,500,9,0.3,0.7,1.0,1.0,0.0,0.2132165697843744,0.708519837010836
670,500,9,0.3,0.7,0.7,1.0,0.0,0.21157342623637865,0.7094075697330506
671,200,6,0.05,1.0,0.7,1.0,0.5,0.59885841806992,0.710396947871964
672,500,10,0.3,0.7,1.0,1.0,0.5,0.19989194021747503,0.7107814197769119
673,200,6,0.05,1.0,1.0,1.0,0.0,0.5923734938800577,0.7107815760646279
674,200,6,0.05,1.0,1.0,0.5,0.0,0.591247080155126,0.7109276009888896
675,200,6,0.05,1.0,1.0,1.0,0.5,0.5946465804908434,0.7111247595040991
676,200,6,0.05,1.0,0.7,1.0,0.0,0.5971365565123856,0.7115191058001822
677,500,10,0.3,0.7,0.7,1.0,0.5,0.19959566955696334,0.7119386891217826
678,200,6,0.05,1.0,1.0,0.5,0.5,0.5946568883514783,0.7122807362599568
679,500,9,0.3,0.7,0.7,0.5,0.5,0.20467005343945885,0.7133652475247005
680,500,7,0.01,1.0,0.7,0.5,0.0,0.5975874407358828,0.7140101712890697
681,500,7,0.01,1.0,0.7,0.5,0.5,0.6002357029756967,0.7143537365696526
682,500,9,0.3,0.7,1.0,0.5,0.5,0.20548214787831773,0.7155809688559837
683,500,7,0.01,1.0,0.7,1.0,0.0,0.6015199755657736,0.7157154963674615
684,500,7,0.01,1.0,0.7,1.0,0.5,0.6042386998973295,0.7160710031074511
685,500,7,0.01,0.7,1.0,0.5,0.0,0.5971525792750594,0.7161806017854768
686,500,7,0.01,0.7,0.7,0.5,0.0,0.6011297998238796,0.7165889872967767
687,500,7,0.01,0.7,0.7,0.5,0.5,0.604694886254625,0.7172778316281475
688,500,7,0.01,0.7,1.0,1.0,0.0,0.6011849979471644,0.7174133387596663
689,500,7,0.01,1.0,1.0,0.5,0.5,0.5984495389623143,0.7174685729668419
690,500,7,0.01,0.7,1.0,0.5,0.5,0.6010554764357332,0.7176502645136859
691,500,7,0.01,1.0,1.0,0.5,0.0,0.5969719424165011,0.7176778315773683
692,500,7,0.01,0.7,0.7,1.0,0.0,0.6054707945976364,0.717807243376849
693,500,10,0.3,0.7,0.7,0.5,0.5,0.20091129132397018,0.717911022420998
694,500,10,0.3,0.7,0.7,1.0,0.0,0.20630009095141105,0.7184654244572817
695,500,7,0.01,0.7,0.7,1.0,0.5,0.6087159470640198,0.7184677756710285
696,500,7,0.01,0.7,1.0,1.0,0.5,0.6047760490119576,0.7186969350321185
697,500,7,0.01,1.0,1.0,1.0,0.5,0.6023485378306076,0.7187912596600843
698,500,7,0.01,1.0,1.0,1.0,0.0,0.6009278678176292,0.7190233592301642
699,500,10,0.3,0.7,1.0,1.0,0.0,0.20767881095853752,0.7194842184507213
700,500,10,0.3,0.7,1.0,0.5,0.5,0.20134665182739167,0.7226584234530086
701,500,9,0.3,0.7,0.7,0.5,0.0,0.2150910442551914,0.7265270016079021
702,200,10,0.01,1.0,0.7,0.5,0.0,0.5664330127577111,0.7266003826802011
703,500,9,0.3,0.7,1.0,0.5,0.0,0.21709494102932136,0.7277733433876383
704,200,10,0.01,1.0,0.7,1.0,0.0,0.5729603585380286,0.7285935088406658
705,200,10,0.01,1.0,0.7,0.5,0.5,0.5762845729822281,0.7302249754378356
706,200,10,0.01,1.0,0.7,1.0,0.5,0.582255636439485,0.7319685292996135
707,500,10,0.3,0.7,1.0,0.5,0.0,0.2112999236088171,0.7324447641868315
708,200,10,0.01,0.7,0.7,0.5,0.0,0.5833255341182202,0.7329068325797036
709,500,10,0.3,0.7,0.7,0.5,0.0,0.20943030241363736,0.7336504274648614
710,200,10,0.01,0.7,1.0,0.5,0.0,0.5820503880920826,0.734245183736044
711,200,3,0.3,1.0,1.0,0.5,0.5,0.64586605097265,0.7351257931773449
712,200,10,0.01,0.7,0.7,1.0,0.0,0.590901384672548,0.7353822433396382
713,500,3,0.1,0.7,1.0,1.0,0.5,0.6540925655023025,0.7354147979123672
714,500,3,0.1,0.7,1.0,1.0,0.0,0.6546005482142655,0.7354879351596536
715,500,3,0.1,0.7,1.0,0.5,0.0,0.6529468684226631,0.7360455461171455
716,200,3,0.3,1.0,0.7,1.0,0.5,0.6504138218368956,0.7365397779813575
717,200,10,0.01,0.7,0.7,0.5,0.5,0.594032614291718,0.7365455031826571
718,200,3,0.3,1.0,1.0,0.5,0.0,0.6426433319083077,0.7367659358646421
719,200,10,0.01,0.7,1.0,1.0,0.0,0.5902914619649726,0.7368361485413335
720,200,10,0.01,1.0,1.0,0.5,0.0,0.5700649094991805,0.7368888327542131
721,500,3,0.1,0.7,0.7,1.0,0.5,0.6603914777099843,0.7374211357224587
722,200,3,0.3,1.0,0.7,0.5,0.5,0.649795347149962,0.737424424240048
723,200,3,0.3,1.0,0.7,0.5,0.0,0.6489448861226669,0.7374715363439525
724,500,3,0.1,0.7,0.7,0.5,0.5,0.6584128384993455,0.7375421883033114
725,200,3,0.3,0.7,1.0,1.0,0.0,0.6468519555851654,0.7375837478782935
726,500,3,0.1,0.7,1.0,0.5,0.5,0.6548084681097568,0.7377718431231433
727,200,10,0.01,0.7,1.0,0.5,0.5,0.5925945720219893,0.7378254980486085
728,500,3,0.1,0.7,0.7,1.0,0.0,0.6594692244368819,0.7378721923885615
729,200,3,0.3,1.0,0.7,1.0,0.0,0.6515943873713269,0.7379446295997748
730,200,3,0.3,1.0,1.0,1.0,0.5,0.6489071970974516,0.7380952026823708
731,200,3,0.3,1.0,1.0,1.0,0.0,0.6463877194978466,0.7381444299769987
732,500,3,0.1,0.7,0.7,0.5,0.0,0.6589446503411348,0.7385654276741451
733,200,10,0.01,1.0,1.0,1.0,0.0,0.576939702792526,0.738697506746787
734,200,10,0.01,0.7,0.7,1.0,0.5,0.6008211208743792,0.739072199903636
735,200,3,0.3,0.7,1.0,0.5,0.0,0.6446603376617058,0.7398595570763215
736,500,3,0.1,1.0,1.0,0.5,0.0,0.6626378014349326,0.7398831880167026
737,500,3,0.1,1.0,0.7,0.5,0.5,0.6663639546393364,0.7399387469431259
738,200,10,0.01,0.7,1.0,1.0,0.5,0.5991359532039149,0.7399725761322711
739,200,10,0.01,1.0,1.0,0.5,0.5,0.5802201460623603,0.7400188116739246
740,500,3,0.1,1.0,1.0,0.5,0.5,0.6644429942814133,0.7402278411613336
741,200,3,0.3,0.7,0.7,1.0,0.0,0.6520113685892466,0.7406046376760927
742,200,3,0.3,0.7,1.0,1.0,0.5,0.6461469784241236,0.7414606666608429
743,200,3,0.3,0.7,0.7,0.5,0.5,0.6496767262629051,0.7415854711757434
744,500,3,0.1,1.0,1.0,1.0,0.0,0.6643061012263745,0.7416282037336127
745,200,3,0.3,0.7,1.0,0.5,0.5,0.6453803065173151,0.7416921875669654
746,500,3,0.1,1.0,0.7,0.5,0.0,0.6661063817151033,0.7417266609956346
747,500,3,0.1,1.0,0.7,1.0,0.0,0.6686208833188878,0.7418904747209111
748,200,10,0.01,1.0,1.0,1.0,0.5,0.5868562656365091,0.7419983081340772
749,500,3,0.1,1.0,0.7,1.0,0.5,0.6689469579490088,0.7422937004058117
750,500,3,0.1,1.0,1.0,1.0,0.5,0.6667847081421046,0.7425393363534372
751,200,5,0.05,0.7,1.0,1.0,0.5,0.6676317502482724,0.7434940055310707
752,200,5,0.05,0.7,1.0,0.5,0.0,0.6640869136389684,0.7441562255316231
753,200,5,0.05,0.7,0.7,0.5,0.0,0.66863484760361,0.7443612749728371
754,200,5,0.05,0.7,1.0,0.5,0.5,0.6655973353430511,0.7446153190733784
755,200,5,0.05,0.7,0.7,0.5,0.5,0.6698762406350122,0.7450874252724011
756,200,3,0.3,0.7,0.7,0.5,0.0,0.6521551387205408,0.7458769619429304
757,200,3,0.3,0.7,0.7,1.0,0.5,0.6532338773423456,0.745910763943338
758,200,5,0.05,0.7,0.7,1.0,0.0,0.6713298842264299,0.7461622279559945
759,200,5,0.05,0.7,1.0,1.0,0.0,0.66807833513529,0.746342286578969
760,200,5,0.05,0.7,0.7,1.0,0.5,0.6731472310829326,0.7468325358145264
761,200,5,0.05,1.0,0.7,0.5,0.0,0.6757783959562411,0.7500954036027743
762,200,5,0.05,1.0,1.0,0.5,0.5,0.6766172791498828,0.750549859170925
763,200,5,0.05,1.0,0.7,1.0,0.5,0.679378186123123,0.7506895154014075
764,200,5,0.05,1.0,1.0,0.5,0.0,0.6755945728642475,0.750799414425966
765,200,5,0.05,1.0,0.7,1.0,0.0,0.6778068509534062,0.7508039132437084
766,200,9,0.01,1.0,0.7,0.5,0.0,0.6291137184507544,0.7508734131960403
767,200,5,0.05,1.0,0.7,0.5,0.5,0.6781983762132576,0.7509335770996232
768,200,5,0.05,1.0,1.0,1.0,0.0,0.6779274836322883,0.7520467744293632
769,200,5,0.05,1.0,1.0,1.0,0.5,0.6791818362207982,0.7526656375822
770,200,9,0.01,1.0,0.7,1.0,0.0,0.6343177573602616,0.7527938162590947
771,200,9,0.01,1.0,0.7,0.5,0.5,0.6362548550044727,0.7534747715561119
772,500,6,0.01,0.7,1.0,0.5,0.0,0.6754511241482734,0.7537316801046438
773,500,6,0.01,0.7,1.0,0.5,0.5,0.6769754893883613,0.7538146153588188
774,500,6,0.01,0.7,0.7,0.5,0.0,0.6788419358218217,0.7541086177766126
775,500,6,0.01,1.0,0.7,0.5,0.0,0.6799611308601061,0.7541711417513578
776,500,6,0.01,0.7,1.0,1.0,0.0,0.6777833957596807,0.7543233756181175
777,500,6,0.01,0.7,0.7,0.5,0.5,0.6806044521337733,0.7545804989086998
778,500,6,0.01,0.7,1.0,1.0,0.5,0.679558845253696,0.7546309316382922
779,500,6,0.01,0.7,0.7,1.0,0.0,0.6810295654556603,0.7546738459015324
780,500,6,0.01,0.7,0.7,1.0,0.5,0.6830905134503367,0.7550391257951713
781,200,9,0.01,1.0,0.7,1.0,0.5,0.6408179953498496,0.7551562208800124
782,500,6,0.01,1.0,0.7,1.0,0.5,0.6828376620387746,0.7551753517501189
783,500,6,0.01,1.0,0.7,0.5,0.5,0.6817035273268941,0.755481514838019
784,200,9,0.01,0.7,0.7,0.5,0.0,0.640306826049494,0.7555096773257315
785,500,6,0.01,1.0,0.7,1.0,0.0,0.6823002752338699,0.7555317452759209
786,500,6,0.01,1.0,1.0,0.5,0.0,0.6779462456365206,0.7556353175161106
787,500,6,0.01,1.0,1.0,0.5,0.5,0.6802036795127626,0.7558013254037815
788,200,3,0.2,0.7,1.0,1.0,0.5,0.6864714211943006,0.756210826129236
789,200,9,0.01,0.7,1.0,0.5,0.0,0.6389233744159468,0.7563049070435459
790,500,6,0.01,1.0,1.0,1.0,0.0,0.680957567219898,0.7566409281099165
791,500,6,0.01,1.0,1.0,1.0,0.5,0.6822935584756374,0.7567749518054622
792,200,3,0.2,0.7,1.0,0.5,0.0,0.6850752248284455,0.7569392409611156
793,200,3,0.2,0.7,1.0,0.5,0.5,0.6874125239707993,0.7571479047592482
794,200,9,0.01,0.7,0.7,1.0,0.0,0.6460493982860145,0.7574612286216614
795,200,9,0.01,0.7,0.7,0.5,0.5,0.6474873121334217,0.7578775905625648
796,200,3,0.2,1.0,1.0,0.5,0.5,0.6907518797271041,0.7579828570572541
797,200,3,0.2,1.0,1.0,0.5,0.0,0.6884069727404427,0.7580259405107398
798,200,3,0.2,1.0,1.0,1.0,0.5,0.6921554006234046,0.7583457311346787
799,200,3,0.2,0.7,1.0,1.0,0.0,0.6872158517174688,0.7586153562022088
800,200,9,0.01,0.7,1.0,1.0,0.0,0.6449090778926528,0.75907246789947
801,200,3,0.2,1.0,1.0,1.0,0.0,0.6909479919077467,0.759318496952742
802,200,3,0.2,1.0,0.7,1.0,0.0,0.6940888735412778,0.7593887531296332
803,200,3,0.2,0.7,0.7,1.0,0.5,0.692628799099775,0.75941537016932
804,200,3,0.2,0.7,0.7,0.5,0.5,0.6907200345779778,0.7595181127256428
805,200,9,0.01,0.7,1.0,0.5,0.5,0.6463679867137133,0.759606097274606
806,200,9,0.01,1.0,1.0,0.5,0.0,0.6329009655154818,0.7603157149236307
807,200,9,0.01,0.7,0.7,1.0,0.5,0.6529237621302706,0.7603563462505611
808,200,3,0.2,0.7,0.7,0.5,0.0,0.6906560380900778,0.7604913398221889
809,200,3,0.2,0.7,0.7,1.0,0.0,0.6917577436480244,0.7606767967585308
810,200,9,0.01,1.0,1.0,1.0,0.0,0.6371337354255109,0.7606909984964584
811,200,9,0.01,1.0,1.0,0.5,0.5,0.6386747242208461,0.7609580235431589
812,200,9,0.01,0.7,1.0,1.0,0.5,0.6508954688489915,0.7609584462057886
813,200,3,0.2,1.0,0.7,0.5,0.5,0.6941245312619578,0.7613225170922838
814,200,3,0.2,1.0,0.7,1.0,0.5,0.6962320150578177,0.761383570738758
815,200,3,0.2,1.0,0.7,0.5,0.0,0.6942989722781904,0.7620642261344339
816,200,9,0.01,1.0,1.0,1.0,0.5,0.6435824988145398,0.7625337226984842
817,500,3,0.05,0.7,1.0,0.5,0.5,0.7343898706669999,0.7818344989970242
818,500,3,0.05,0.7,1.0,1.0,0.5,0.7355829227768553,0.7828705054176114
819,500,3,0.05,0.7,1.0,0.5,0.0,0.7338759269385259,0.7828896286437624
820,500,3,0.05,0.7,1.0,1.0,0.0,0.7355025675214819,0.7836439667785692
821,500,3,0.05,0.7,0.7,1.0,0.5,0.7385463110015761,0.7851323725460545
822,500,3,0.05,0.7,0.7,0.5,0.0,0.7378559252776415,0.7853109195979837
823,500,3,0.05,0.7,0.7,0.5,0.5,0.7390183213056842,0.7855420784465119
824,500,3,0.05,0.7,0.7,1.0,0.0,0.7391495557462825,0.7859985278304613
825,500,3,0.05,1.0,1.0,0.5,0.5,0.7451213489775799,0.7908575878466294
826,500,3,0.05,1.0,1.0,1.0,0.5,0.7460924016742317,0.7911700106860865
827,500,3,0.05,1.0,1.0,1.0,0.0,0.7458098110130051,0.7915141668921308
828,500,3,0.05,1.0,0.7,0.5,0.5,0.7471639849535224,0.7916732748135524
829,500,3,0.05,1.0,1.0,0.5,0.0,0.745282961727251,0.7918628182808031
830,500,3,0.05,1.0,0.7,0.5,0.0,0.746877131104821,0.7922267695285604
831,500,3,0.05,1.0,0.7,1.0,0.0,0.7482106457300661,0.7927374618422206
832,500,3,0.05,1.0,0.7,1.0,0.5,0.7490754255330079,0.7927730040811551
833,500,5,0.01,0.7,1.0,0.5,0.5,0.751097660484042,0.7976051597698864
834,500,5,0.01,0.7,1.0,0.5,0.0,0.7497387281559325,0.7976214040045538
835,500,5,0.01,0.7,1.0,1.0,0.0,0.7511760968417291,0.797732658793527
836,500,5,0.01,0.7,1.0,1.0,0.5,0.7521002981843001,0.7980860577153803
837,500,5,0.01,0.7,0.7,0.5,0.0,0.7534993132888607,0.7987733286987527
838,500,5,0.01,0.7,0.7,0.5,0.5,0.7552116688217877,0.7996974919643424
839,500,5,0.01,0.7,0.7,1.0,0.0,0.755360543496561,0.800026082791823
840,500,5,0.01,1.0,1.0,0.5,0.5,0.7544381505776014,0.8001539880466028
841,500,5,0.01,1.0,0.7,0.5,0.0,0.7552952307676274,0.8002914394639604
842,500,5,0.01,1.0,1.0,0.5,0.0,0.7540545576051917,0.8004247077292441
843,500,5,0.01,1.0,0.7,0.5,0.5,0.7561846475493199,0.8004293460590294
844,500,5,0.01,0.7,0.7,1.0,0.5,0.7563320663100462,0.8004958210928489
845,500,5,0.01,1.0,1.0,1.0,0.0,0.7554160075059202,0.8008195167454434
846,500,5,0.01,1.0,0.7,1.0,0.0,0.7574598136449218,0.8012789656938846
847,200,3,0.1,0.7,1.0,1.0,0.0,0.7607308586445857,0.8013220683701904
848,500,5,0.01,1.0,1.0,1.0,0.5,0.7566162964069298,0.801680984117142
849,500,5,0.01,1.0,0.7,1.0,0.5,0.757952867647196,0.801719919052863
850,200,3,0.1,0.7,1.0,1.0,0.5,0.7608093077099923,0.8020568657331558
851,200,3,0.1,0.7,1.0,0.5,0.0,0.7605737401595115,0.802903768764735
852,200,3,0.1,0.7,1.0,0.5,0.5,0.7607244671794225,0.8029632369999056
853,200,3,0.1,0.7,0.7,1.0,0.5,0.7644663651731333,0.8038520445627911
854,200,3,0.1,0.7,0.7,0.5,0.5,0.7638546391023056,0.8041654702186677
855,200,3,0.1,0.7,0.7,1.0,0.0,0.7645876706786298,0.8044974836960357
856,200,3,0.1,0.7,0.7,0.5,0.0,0.7648015288927261,0.8050798229574286
857,200,3,0.1,1.0,1.0,0.5,0.0,0.766990597470568,0.8056518253231292
858,200,3,0.1,1.0,1.0,0.5,0.5,0.7678488494799364,0.8063702128313718
859,200,3,0.1,1.0,0.7,0.5,0.5,0.7695361914655714,0.8064356816953469
860,200,3,0.1,1.0,1.0,1.0,0.0,0.7676426799767343,0.8069125956941713
861,200,3,0.1,1.0,0.7,1.0,0.0,0.7718031219167951,0.8077112627157664
862,200,3,0.1,1.0,0.7,0.5,0.0,0.7704585358676737,0.8079447575552566
863,200,3,0.1,1.0,1.0,1.0,0.5,0.769891323334935,0.8082137069985716
864,200,3,0.1,1.0,0.7,1.0,0.5,0.7730045493192369,0.8090038561495864
865,200,7,0.01,1.0,0.7,0.5,0.0,0.7553982938056831,0.8139069416760784
866,200,7,0.01,1.0,0.7,0.5,0.5,0.7573654119993178,0.8147048603524603
867,200,7,0.01,1.0,0.7,1.0,0.0,0.7571709169258622,0.8147499269091385
868,200,7,0.01,1.0,0.7,1.0,0.5,0.7594240207086222,0.8157632919220827
869,200,7,0.01,1.0,1.0,0.5,0.0,0.756539647335806,0.8175071387703008
870,200,7,0.01,0.7,1.0,0.5,0.0,0.7581646554019262,0.8175880495623581
871,200,7,0.01,0.7,0.7,0.5,0.0,0.7603173603469179,0.8176927361610599
872,200,7,0.01,1.0,1.0,1.0,0.0,0.758176880115385,0.8183110646758032
873,200,7,0.01,1.0,1.0,0.5,0.5,0.7587289155332088,0.8184072469583182
874,200,7,0.01,0.7,0.7,1.0,0.0,0.7621582472343477,0.8184125965266257
875,200,7,0.01,0.7,1.0,1.0,0.0,0.7604584224999679,0.818456709599342
876,200,7,0.01,0.7,0.7,0.5,0.5,0.7622298118216304,0.8185795452311864
877,200,7,0.01,0.7,1.0,0.5,0.5,0.7607632890766005,0.8186973989999398
878,200,7,0.01,1.0,1.0,1.0,0.5,0.7599127763106127,0.8188585264475458
879,200,7,0.01,0.7,0.7,1.0,0.5,0.7645760069183434,0.8196940006821741
880,200,7,0.01,0.7,1.0,1.0,0.5,0.7627946279653817,0.8198945240507852
881,200,6,0.01,1.0,0.7,0.5,0.0,0.8176011741199429,0.8545379775002282
882,200,6,0.01,0.7,1.0,0.5,0.0,0.8175749507792621,0.8552695563276552
883,200,6,0.01,1.0,1.0,0.5,0.0,0.8170751012974347,0.8553164328426821
884,200,6,0.01,1.0,0.7,0.5,0.5,0.8185144664114737,0.8553211910032403
885,200,6,0.01,0.7,0.7,0.5,0.0,0.8189249117538882,0.8553292100512778
886,200,6,0.01,1.0,0.7,1.0,0.0,0.8186486720747375,0.8555205002493282
887,200,3,0.05,0.7,1.0,0.5,0.0,0.8310168175606462,0.8555560741015427
888,200,6,0.01,0.7,1.0,1.0,0.0,0.8184692845123456,0.8557943272465912
889,200,6,0.01,0.7,0.7,1.0,0.0,0.8201589882072146,0.8558005126399876
890,200,6,0.01,1.0,0.7,1.0,0.5,0.819520729271618,0.855871540737321
891,200,3,0.05,0.7,1.0,0.5,0.5,0.8315974865548544,0.8559850491664117
892,200,6,0.01,1.0,1.0,0.5,0.5,0.818381593256726,0.8559985393055711
893,200,6,0.01,0.7,0.7,0.5,0.5,0.820306861633592,0.8560489231028665
894,200,6,0.01,0.7,1.0,0.5,0.5,0.8187037640938405,0.8560584589307295
895,200,6,0.01,1.0,1.0,1.0,0.0,0.8183103829350148,0.8561479489489836
896,200,3,0.05,0.7,1.0,1.0,0.0,0.8314619181877291,0.8562308407297146
897,200,3,0.05,0.7,1.0,1.0,0.5,0.8320042951820101,0.8562910158878491
898,200,6,0.01,0.7,1.0,1.0,0.5,0.8197317914535724,0.8563877912930806
899,200,6,0.01,1.0,1.0,1.0,0.5,0.819174479066506,0.8564378138544352
900,200,6,0.01,0.7,0.7,1.0,0.5,0.8214318448706046,0.8566208492040248
901,200,3,0.05,0.7,0.7,1.0,0.0,0.8335729338764738,0.8570277759153039
902,200,3,0.05,0.7,0.7,0.5,0.0,0.833852437417478,0.8573388969634999
903,200,3,0.05,0.7,0.7,1.0,0.5,0.8340988328235893,0.8573406589028963
904,200,3,0.05,0.7,0.7,0.5,0.5,0.8336862079321712,0.857386810559121
905,200,3,0.05,1.0,0.7,1.0,0.0,0.8381024181077007,0.8607022024032343
906,200,3,0.05,1.0,1.0,0.5,0.5,0.8373160733158935,0.8607510743711693
907,200,3,0.05,1.0,1.0,1.0,0.0,0.8372238294858317,0.8607923926977898
908,200,3,0.05,1.0,0.7,0.5,0.5,0.8383964097888796,0.8608004384150374
909,200,3,0.05,1.0,1.0,0.5,0.0,0.837026939162897,0.8611237848075033
910,200,3,0.05,1.0,1.0,1.0,0.5,0.838225258628157,0.8615078248316067
911,200,3,0.05,1.0,0.7,0.5,0.0,0.8389955037158289,0.8619398532648077
912,200,3,0.05,1.0,0.7,1.0,0.5,0.8397377293059738,0.8621561759563017
913,200,5,0.01,1.0,1.0,0.5,0.0,0.875210201567731,0.8976917763140724
914,200,5,0.01,1.0,1.0,1.0,0.0,0.875779863027136,0.8979564053556114
915,200,5,0.01,0.7,1.0,0.5,0.0,0.8753287191843455,0.8979641436222376
916,200,5,0.01,1.0,1.0,0.5,0.5,0.8759400172289556,0.8981401101391567
917,200,5,0.01,0.7,1.0,1.0,0.0,0.8759441264700938,0.8982026026027627
918,200,5,0.01,1.0,1.0,1.0,0.5,0.8761549592725287,0.8983849382686225
919,200,5,0.01,0.7,1.0,0.5,0.5,0.8760951791304954,0.8984745523332668
920,200,5,0.01,0.7,1.0,1.0,0.5,0.8764808310179335,0.8986314211463471
921,200,5,0.01,1.0,0.7,0.5,0.0,0.8775025056168042,0.8990982996760074
922,200,5,0.01,0.7,0.7,0.5,0.0,0.8775967247274802,0.8991060390285869
923,200,5,0.01,1.0,0.7,1.0,0.0,0.8779365330129578,0.8992632315179189
924,200,5,0.01,1.0,0.7,0.5,0.5,0.8777717739133645,0.8992993655544631
925,200,5,0.01,0.7,0.7,0.5,0.5,0.8782844883355367,0.8997293061076406
926,200,5,0.01,0.7,0.7,1.0,0.0,0.8783606710180457,0.8998015474871036
927,200,5,0.01,1.0,0.7,1.0,0.5,0.8785340263708232,0.8998717346407782
928,200,5,0.01,0.7,0.7,1.0,0.5,0.878889375101406,0.9003032472976867
929,500,3,0.01,0.7,1.0,0.5,0.0,0.8969736808302982,0.9118749819115408
930,500,3,0.01,0.7,1.0,0.5,0.5,0.8970967870632242,0.9119837650490208
931,500,3,0.01,0.7,1.0,1.0,0.0,0.8972578988690626,0.9120688117749929
932,500,3,0.01,0.7,1.0,1.0,0.5,0.8976186014558695,0.9123558940432198
933,500,3,0.01,0.7,0.7,0.5,0.5,0.8992342131544415,0.9132703656009887
934,500,3,0.01,0.7,0.7,1.0,0.0,0.8994007287138663,0.9134193790619796
935,500,3,0.01,0.7,0.7,0.5,0.0,0.8992676655615904,0.913459165569038
936,500,3,0.01,0.7,0.7,1.0,0.5,0.8996094363812349,0.9136844816362727
937,500,3,0.01,1.0,1.0,0.5,0.0,0.8994330285435707,0.9141173728905284
938,500,3,0.01,1.0,1.0,0.5,0.5,0.8997775912371591,0.9142106179583923
939,500,3,0.01,1.0,1.0,1.0,0.0,0.9000182880285206,0.9145487894050479
940,500,3,0.01,1.0,1.0,1.0,0.5,0.9002980705592856,0.9147184475587138
941,500,3,0.01,1.0,0.7,0.5,0.0,0.9008843526580694,0.9149816052057671
942,500,3,0.01,1.0,0.7,1.0,0.5,0.9011664957310411,0.9150179172058394
943,500,3,0.01,1.0,0.7,0.5,0.5,0.9012449238012655,0.9153393582511877
944,500,3,0.01,1.0,0.7,1.0,0.0,0.9013542381039421,0.9153942825561671
945,200,3,0.01,0.7,1.0,0.5,0.0,0.9965241439300766,1.003902461695417
946,200,3,0.01,0.7,1.0,0.5,0.5,0.996642651443177,1.0039642755581444
947,200,3,0.01,0.7,1.0,1.0,0.5,0.9967490819384253,1.003987869676934
948,200,3,0.01,0.7,1.0,1.0,0.0,0.9966406666789102,1.0040730232555328
949,200,3,0.01,1.0,1.0,0.5,0.0,0.9966416249884575,1.0041006669139223
950,200,3,0.01,1.0,1.0,1.0,0.0,0.9968053334291893,1.0042108984754168
951,200,3,0.01,1.0,1.0,0.5,0.5,0.996923779501541,1.0042743055052408
952,200,3,0.01,1.0,1.0,1.0,0.5,0.9969839451944328,1.0043150003115802
953,200,3,0.01,0.7,0.7,0.5,0.0,0.9982148697964716,1.0050888053391007
954,200,3,0.01,0.7,0.7,0.5,0.5,0.9983645265584685,1.0052608193586887
955,200,3,0.01,1.0,0.7,0.5,0.0,0.9985153177546399,1.0052627131376095
956,200,3,0.01,1.0,0.7,1.0,0.5,0.9984038550580201,1.005315063223284
957,200,3,0.01,0.7,0.7,1.0,0.5,0.9984604530502106,1.0053626261598607
958,200,3,0.01,0.7,0.7,1.0,0.0,0.9984314002910583,1.0053826729245638
959,200,3,0.01,1.0,0.7,1.0,0.0,0.9985172610026194,1.0054112499136614
960,200,3,0.01,1.0,0.7,0.5,0.5,0.9986237552694777,1.005666932355656
