rank_test_score,param_xgb__n_estimators,param_xgb__max_depth,param_xgb__learning_rate,param_xgb__subsample,param_xgb__colsample_bytree,param_xgb__lambda,param_xgb__alpha,train_rmse,test_rmse
1,500,10,0.05,1.0,0.7,1.0,0.5,0.27801946432263214,0.7001121558334441
2,500,10,0.05,1.0,0.7,0.5,0.5,0.2730985715371425,0.7003616744849024
3,500,9,0.1,1.0,0.7,1.0,0.5,0.24554169032926487,0.7006160990591593
4,500,9,0.1,1.0,0.7,0.5,0.5,0.24246257211258432,0.7007714977587103
5,500,10,0.05,0.7,0.7,1.0,0.5,0.2949542155309789,0.7013361989104466
6,500,10,0.05,1.0,0.7,1.0,0.0,0.28084831877214456,0.7015279716768278
7,500,9,0.05,1.0,0.7,1.0,0.5,0.3412483529664196,0.7022825041945113
8,500,10,0.05,1.0,0.7,0.5,0.0,0.2747670543536054,0.7025545562708512
9,500,9,0.05,1.0,0.7,0.5,0.5,0.33691845222857636,0.7029558995436391
10,500,9,0.1,1.0,0.7,1.0,0.0,0.25009317961076327,0.7029715676997105
11,500,9,0.05,1.0,0.7,0.5,0.0,0.3393367271084322,0.7036037625766434
12,500,10,0.05,0.7,0.7,0.5,0.5,0.29218499948966126,0.7037782619948241
13,500,10,0.05,0.7,0.7,1.0,0.0,0.30451458944927473,0.7037897309722477
14,500,9,0.05,0.7,0.7,1.0,0.5,0.3483056325637141,0.7040345502717229
15,500,9,0.05,1.0,0.7,1.0,0.0,0.3457289822279109,0.7045240425358226
16,500,10,0.05,0.7,1.0,0.5,0.5,0.2913347069147256,0.7045794043188499
17,500,9,0.1,1.0,1.0,0.5,0.5,0.24014436875256281,0.7046072183821674
18,500,9,0.1,1.0,0.7,0.5,0.0,0.24611255062343046,0.7046686248060084
19,500,9,0.05,0.7,0.7,0.5,0.5,0.3436417592090659,0.7047459249878973
20,500,9,0.1,1.0,1.0,1.0,0.5,0.2430855520410617,0.7047572835771726
21,500,10,0.05,0.7,1.0,1.0,0.5,0.29358072020847625,0.7049484441464293
22,500,10,0.05,1.0,1.0,1.0,0.5,0.27819431169058895,0.7050599487898844
23,500,9,0.05,0.7,1.0,1.0,0.5,0.34401960233632956,0.7053060238955735
24,500,10,0.05,0.7,1.0,1.0,0.0,0.3073330229326457,0.7053552854431658
25,500,9,0.1,1.0,1.0,1.0,0.0,0.2480337778482536,0.7053907123986235
26,500,10,0.1,1.0,0.7,1.0,0.5,0.2185251843529721,0.7054058546398689
27,500,10,0.05,1.0,1.0,1.0,0.0,0.2813010847668796,0.7056101331463541
28,500,9,0.05,1.0,1.0,0.5,0.5,0.33476019088632664,0.7056935662163083
29,500,10,0.05,0.7,0.7,0.5,0.0,0.3042257745051893,0.7059099500009471
30,500,10,0.1,1.0,0.7,0.5,0.5,0.21683618067292207,0.7059219009774265
31,500,9,0.05,0.7,1.0,0.5,0.5,0.34088834491060677,0.7059383035653457
32,500,10,0.05,1.0,1.0,0.5,0.5,0.2733013052377816,0.7060736963649489
33,500,9,0.05,0.7,0.7,1.0,0.0,0.3560365478184511,0.7063327442817545
34,200,10,0.1,1.0,0.7,1.0,0.5,0.3098700363305989,0.7063538257256843
35,500,10,0.1,1.0,0.7,1.0,0.0,0.21871238352075179,0.706973891169839
36,500,9,0.1,1.0,1.0,0.5,0.0,0.24376212312180803,0.7070323821097857
37,500,9,0.1,0.7,0.7,1.0,0.5,0.27225666376212043,0.7071151131890452
38,200,10,0.1,1.0,0.7,0.5,0.5,0.30502456120923066,0.707260501838587
39,500,9,0.05,1.0,1.0,1.0,0.5,0.3414616823226304,0.707738426388633
40,500,9,0.05,1.0,1.0,1.0,0.0,0.3462465446213706,0.7078745859749195
41,500,7,0.1,1.0,0.7,1.0,0.5,0.3887590544533122,0.7081082696424664
42,200,10,0.1,1.0,0.7,1.0,0.0,0.3118444907828035,0.7081855207174206
43,500,9,0.05,0.7,0.7,0.5,0.0,0.3549050722764313,0.7081873967226954
44,500,10,0.05,0.7,1.0,0.5,0.0,0.30810359303670143,0.7082297432945429
45,500,9,0.05,0.7,1.0,1.0,0.0,0.3552983525297952,0.7083438712824267
46,500,10,0.05,1.0,1.0,0.5,0.0,0.2756962978505027,0.7084835942272747
47,500,10,0.1,1.0,0.7,0.5,0.0,0.21566366229181944,0.7087550178194133
48,500,9,0.1,0.7,0.7,0.5,0.5,0.27130145539383277,0.7090432617633867
49,500,9,0.05,0.7,1.0,0.5,0.0,0.35689843074792543,0.7090933546057017
50,500,9,0.1,0.7,1.0,1.0,0.5,0.2718373996828666,0.7091511058765043
51,200,10,0.1,1.0,0.7,0.5,0.0,0.30485018817762677,0.7093181350890879
52,500,9,0.05,1.0,1.0,0.5,0.0,0.34023938854031666,0.7093784265337785
53,500,7,0.1,1.0,0.7,0.5,0.5,0.3846600575386321,0.7097332525614747
54,500,7,0.1,1.0,1.0,1.0,0.5,0.3860996557621257,0.7098442823254177
55,500,10,0.1,1.0,1.0,0.5,0.5,0.2156437138397279,0.7099583729428511
56,200,9,0.1,1.0,0.7,1.0,0.5,0.37777476360111506,0.7100278634541487
57,500,7,0.1,1.0,1.0,0.5,0.5,0.37962158809110946,0.7101363503735046
58,200,9,0.1,1.0,0.7,0.5,0.5,0.3732358523410884,0.7101570948158202
59,500,7,0.2,1.0,1.0,1.0,0.5,0.27205824399274714,0.7102820121279604
60,500,10,0.1,0.7,0.7,0.5,0.5,0.2445473922115215,0.7102838243980286
61,500,10,0.1,1.0,1.0,1.0,0.5,0.2172188521757427,0.7103351386549497
62,200,10,0.1,0.7,0.7,0.5,0.5,0.32136604692451476,0.7109170907339284
63,500,10,0.1,1.0,1.0,1.0,0.0,0.21816363682166995,0.710966958944645
64,200,10,0.1,1.0,1.0,1.0,0.5,0.30735952867801275,0.711002670931827
65,500,9,0.1,0.7,0.7,0.5,0.0,0.28615287074038265,0.711078917755077
66,200,10,0.1,1.0,1.0,0.5,0.5,0.3032916018109302,0.7112032275735345
67,500,10,0.1,0.7,1.0,1.0,0.5,0.24478184262490857,0.7113570081245268
68,500,10,0.1,1.0,1.0,0.5,0.0,0.21588519781608584,0.7113815357023596
69,500,7,0.1,1.0,1.0,0.5,0.0,0.38636788489336904,0.7115975882024848
70,500,9,0.1,0.7,1.0,1.0,0.0,0.28800094130945914,0.7118093573814974
71,500,10,0.1,0.7,0.7,1.0,0.5,0.24417041388558008,0.711940698933151
72,200,10,0.1,1.0,1.0,0.5,0.0,0.30368046584665853,0.7120116909273336
73,500,9,0.1,0.7,0.7,1.0,0.0,0.28518420469053535,0.7120128970812061
74,500,7,0.2,1.0,0.7,1.0,0.5,0.2762089652206251,0.7120257554619419
75,500,7,0.1,1.0,0.7,1.0,0.0,0.3942241724338774,0.7120521099910048
76,500,10,0.1,0.7,0.7,1.0,0.0,0.2552730016306526,0.7121392940243788
77,200,10,0.1,0.7,0.7,1.0,0.5,0.3258547244786964,0.7124364034694487
78,500,9,0.1,0.7,1.0,0.5,0.5,0.27242347259753125,0.7124811311486191
79,500,7,0.2,1.0,0.7,0.5,0.5,0.2732717875663536,0.7125011679767553
80,200,10,0.1,1.0,1.0,1.0,0.0,0.3123737493306966,0.7125649093944293
81,500,7,0.1,0.7,0.7,0.5,0.5,0.39343591243289117,0.712732637549422
82,200,10,0.1,0.7,1.0,1.0,0.5,0.3224714628803281,0.7128433948742757
83,500,7,0.1,1.0,0.7,0.5,0.0,0.3881126267019821,0.7128747677084628
84,500,7,0.1,1.0,1.0,1.0,0.0,0.39141226812882757,0.7130289080318307
85,500,7,0.2,1.0,1.0,0.5,0.5,0.26767496956730646,0.7131196560427941
86,500,7,0.1,0.7,1.0,0.5,0.5,0.3875240678333983,0.7134329811730701
87,500,10,0.1,0.7,0.7,0.5,0.0,0.25702692465927535,0.7134509129209511
88,500,7,0.2,1.0,0.7,0.5,0.0,0.2741691207480255,0.7136613917074975
89,500,10,0.1,0.7,1.0,0.5,0.5,0.24528325791066233,0.7137404784101424
90,500,10,0.1,0.7,1.0,1.0,0.0,0.2593207814581906,0.7139826374189502
91,200,9,0.1,1.0,0.7,1.0,0.0,0.3872889767872047,0.7140905073145135
92,500,7,0.1,0.7,0.7,1.0,0.5,0.3948840694702259,0.714176939297521
93,500,9,0.1,0.7,1.0,0.5,0.0,0.2910823191052603,0.7142275537073617
94,200,10,0.1,0.7,1.0,0.5,0.5,0.3194150844930518,0.7142769632804274
95,200,9,0.1,1.0,1.0,0.5,0.5,0.37278253064805644,0.7143080072914987
96,500,7,0.2,1.0,1.0,1.0,0.0,0.27623066210606956,0.7144069845032763
97,200,9,0.1,1.0,1.0,1.0,0.5,0.37847825038849214,0.7145801506875881
98,500,6,0.2,1.0,0.7,1.0,0.5,0.37039130103572715,0.7145831282389653
99,500,6,0.2,1.0,1.0,1.0,0.5,0.36235724331432845,0.7146139309216167
100,200,10,0.1,0.7,0.7,0.5,0.0,0.331222194756908,0.7147074502841113
101,200,9,0.1,1.0,0.7,0.5,0.0,0.3781440585578213,0.7147403063573654
102,500,7,0.2,1.0,0.7,1.0,0.0,0.2791044958872133,0.7148431480333467
103,200,9,0.1,0.7,0.7,1.0,0.5,0.38857645368618604,0.7148793470616973
104,200,10,0.1,0.7,0.7,1.0,0.0,0.3329539065140678,0.7149370996056242
105,500,7,0.1,0.7,1.0,1.0,0.5,0.38983688544087286,0.7149960247981598
106,200,9,0.2,1.0,1.0,0.5,0.5,0.26610659006039555,0.715558412975562
107,500,6,0.2,1.0,1.0,0.5,0.5,0.35848334232863355,0.7156275226673242
108,500,10,0.1,0.7,1.0,0.5,0.0,0.26149892697507643,0.7157475489155979
109,200,9,0.2,1.0,0.7,0.5,0.5,0.26766629995819785,0.7158739210035778
110,500,7,0.1,0.7,1.0,1.0,0.0,0.40138723050228686,0.7159398936536572
111,200,9,0.2,1.0,0.7,1.0,0.5,0.2728815306692255,0.7160363758094537
112,200,9,0.1,1.0,1.0,1.0,0.0,0.38266321438297596,0.7160577126685858
113,200,9,0.2,1.0,1.0,1.0,0.5,0.27020802687376916,0.7161601627159595
114,200,10,0.1,0.7,1.0,1.0,0.0,0.3339694328157577,0.7164558242832485
115,500,7,0.1,0.7,0.7,1.0,0.0,0.40409909871366695,0.7165402833764026
116,200,9,0.1,1.0,1.0,0.5,0.0,0.3755857781940873,0.716633689226331
117,200,9,0.1,0.7,0.7,0.5,0.5,0.3831875294320089,0.7167642994558944
118,200,10,0.2,1.0,1.0,1.0,0.5,0.23055908027175415,0.7173348959345248
119,200,10,0.2,1.0,0.7,0.5,0.5,0.2293466497440226,0.7174523774349719
120,500,7,0.1,0.7,1.0,0.5,0.0,0.40273706842627716,0.7174616397276802
121,500,7,0.2,1.0,1.0,0.5,0.0,0.2718710366619695,0.717473600161747
122,500,7,0.1,0.7,0.7,0.5,0.0,0.40315822186061145,0.7175275506789631
123,200,9,0.1,0.7,1.0,1.0,0.5,0.38450270165124006,0.7176884484593212
124,500,6,0.2,1.0,0.7,1.0,0.0,0.3712085136773944,0.7177123776641985
125,200,9,0.2,1.0,0.7,0.5,0.0,0.27178213955907793,0.7178843657475192
126,200,10,0.2,1.0,0.7,1.0,0.5,0.2329429105325248,0.7178891942349429
127,200,10,0.05,1.0,0.7,1.0,0.5,0.4158409288864839,0.717943964669069
128,500,6,0.2,1.0,0.7,0.5,0.5,0.36521753395144924,0.7179716711737115
129,200,10,0.1,0.7,1.0,0.5,0.0,0.3342626431919389,0.7181750492232102
130,200,9,0.2,1.0,1.0,1.0,0.0,0.27449466832449704,0.718297981045986
131,200,10,0.05,1.0,0.7,0.5,0.5,0.4135294526070943,0.7183514149985863
132,200,10,0.2,1.0,0.7,1.0,0.0,0.23307374274679019,0.718536765478361
133,200,10,0.05,1.0,0.7,0.5,0.0,0.40778114623668915,0.7186133772878507
134,200,10,0.05,1.0,0.7,1.0,0.0,0.4156014587723707,0.7187943330098451
135,500,9,0.2,1.0,0.7,1.0,0.5,0.208813428534794,0.718894234415144
136,500,6,0.2,1.0,1.0,1.0,0.0,0.36522865979040614,0.7190949973247559
137,500,9,0.2,1.0,1.0,1.0,0.5,0.20798110458947178,0.7191621639180523
138,500,9,0.2,1.0,0.7,0.5,0.5,0.2083880765520106,0.7192852397521261
139,200,9,0.1,0.7,1.0,0.5,0.5,0.38079678373321824,0.7193766063813716
140,500,6,0.2,1.0,1.0,0.5,0.0,0.36183715387891235,0.7194467352038556
141,500,9,0.2,1.0,1.0,0.5,0.5,0.20732349200315575,0.719460364191595
142,200,9,0.2,1.0,0.7,1.0,0.0,0.2761578687003129,0.7194740667488776
143,200,9,0.1,0.7,0.7,0.5,0.0,0.391422056252442,0.7195821027446653
144,200,9,0.1,0.7,1.0,1.0,0.0,0.3941473545210032,0.7198275284625364
145,200,10,0.2,1.0,1.0,0.5,0.5,0.22745573854277162,0.7198531839627036
146,200,9,0.2,1.0,1.0,0.5,0.0,0.2707176604575273,0.7200417071097742
147,200,10,0.05,0.7,0.7,1.0,0.5,0.4332620229612587,0.7200510726029112
148,500,6,0.2,1.0,0.7,0.5,0.0,0.3679834541217751,0.7200913317490769
149,200,10,0.2,1.0,1.0,1.0,0.0,0.23240130640235251,0.7202442211261647
150,200,10,0.05,0.7,1.0,0.5,0.5,0.4201182102668647,0.7202585797349159
151,200,9,0.1,0.7,0.7,1.0,0.0,0.3950485609915513,0.7206213699854838
152,200,10,0.05,0.7,0.7,1.0,0.0,0.4304699479377631,0.720923696690551
153,200,10,0.05,0.7,0.7,0.5,0.5,0.42498054471332586,0.7210436809215824
154,200,10,0.05,0.7,1.0,1.0,0.5,0.4288113836083596,0.7212590602580488
155,500,6,0.3,1.0,0.7,1.0,0.5,0.3064947386923111,0.7214862919988737
156,500,10,0.2,1.0,1.0,1.0,0.5,0.20368270255745793,0.7215703534474852
157,500,10,0.2,1.0,0.7,0.5,0.5,0.203880707134718,0.7217117775902053
158,500,9,0.2,1.0,0.7,0.5,0.0,0.20617896352674986,0.721787619817893
159,500,7,0.2,0.7,0.7,1.0,0.5,0.30917115762389386,0.7218929465713696
160,500,7,0.2,0.7,1.0,1.0,0.5,0.30795768836782667,0.7219359283776896
161,500,9,0.2,1.0,1.0,1.0,0.0,0.20693387853607112,0.7219845287837315
162,200,10,0.05,0.7,1.0,1.0,0.0,0.42861004159213834,0.7220165515250814
163,200,9,0.1,0.7,1.0,0.5,0.0,0.3900445474687747,0.7221153873529994
164,200,10,0.2,1.0,0.7,0.5,0.0,0.22894953883559577,0.7221453404874746
165,200,10,0.05,0.7,0.7,0.5,0.0,0.42589346303213027,0.722236531368632
166,500,10,0.2,1.0,0.7,1.0,0.5,0.2041128838380892,0.7224528999314935
167,500,6,0.3,1.0,1.0,1.0,0.5,0.2989641985388158,0.7227443954503248
168,500,6,0.3,1.0,0.7,0.5,0.5,0.3026129458171638,0.7228282835153218
169,200,10,0.05,1.0,1.0,1.0,0.0,0.4183858699135291,0.7230823526467568
170,500,9,0.2,1.0,0.7,1.0,0.0,0.20705913857795752,0.7231426435244152
171,200,10,0.05,1.0,1.0,0.5,0.5,0.4136569772927075,0.7231807016629217
172,500,7,0.2,0.7,1.0,0.5,0.5,0.3091688883438842,0.7233598449720775
173,500,10,0.2,1.0,0.7,1.0,0.0,0.2020178310172411,0.7234290511076256
174,200,10,0.05,0.7,1.0,0.5,0.0,0.4245207550314456,0.7237526275070939
175,500,9,0.2,1.0,1.0,0.5,0.0,0.2060463712488617,0.7237818029302149
176,500,10,0.2,1.0,1.0,0.5,0.5,0.20355090930053943,0.7239111580094664
177,500,6,0.3,1.0,1.0,0.5,0.5,0.2952047831127767,0.7241259914055823
178,200,10,0.05,1.0,1.0,1.0,0.5,0.42110125168843304,0.724307662347546
179,200,10,0.2,1.0,1.0,0.5,0.0,0.22861992047399632,0.7250431732598343
180,200,10,0.05,1.0,1.0,0.5,0.0,0.4104540393759418,0.7253357361615351
181,500,10,0.2,1.0,1.0,1.0,0.0,0.20198696030702562,0.725474972599582
182,500,7,0.3,1.0,1.0,1.0,0.5,0.2321944113529397,0.7257473205574044
183,500,7,0.3,1.0,0.7,0.5,0.5,0.23329226586527232,0.7259544829013123
184,200,7,0.2,1.0,1.0,1.0,0.5,0.4340179271981706,0.726174163985932
185,500,7,0.3,1.0,0.7,1.0,0.5,0.23585498490603082,0.7262119530527937
186,500,6,0.2,0.7,1.0,1.0,0.5,0.3832813890918489,0.7262544678932056
187,500,6,0.2,0.7,0.7,1.0,0.5,0.3888026076446069,0.7264071320409483
188,500,7,0.3,1.0,1.0,0.5,0.5,0.2300336138026745,0.7264289923791043
189,500,6,0.1,0.7,1.0,0.5,0.5,0.4853571068040795,0.726707337741298
190,500,6,0.1,1.0,1.0,0.5,0.5,0.4880597545768193,0.7267077358738414
191,500,6,0.3,1.0,0.7,1.0,0.0,0.3069158170469192,0.7268173595193336
192,500,10,0.2,1.0,0.7,0.5,0.0,0.2017522204015257,0.7270542587805247
193,200,7,0.2,1.0,0.7,1.0,0.5,0.4352045934587136,0.7271292822426731
194,200,9,0.2,0.7,1.0,1.0,0.5,0.2978326024416647,0.7275008863630912
195,500,6,0.1,1.0,0.7,0.5,0.5,0.4946691041121241,0.7275237344939901
196,200,7,0.2,1.0,0.7,0.5,0.0,0.434233172165585,0.727655716413549
197,500,7,0.2,0.7,0.7,1.0,0.0,0.32292639363796943,0.7277091594715712
198,500,6,0.1,1.0,1.0,1.0,0.5,0.4948827822556653,0.7277560425992925
199,500,6,0.1,0.7,1.0,1.0,0.5,0.4886363532578104,0.7278451185020117
200,500,7,0.2,0.7,1.0,1.0,0.0,0.3260696339757656,0.7280131284817095
201,200,9,0.2,0.7,0.7,1.0,0.5,0.3003853577136367,0.7280569945070227
202,500,6,0.2,0.7,0.7,0.5,0.5,0.38649018600597324,0.7281128036233632
203,500,6,0.3,1.0,0.7,0.5,0.0,0.3030804313595986,0.7282117100712474
204,200,7,0.2,1.0,0.7,0.5,0.5,0.4353079042527196,0.728265408773739
205,500,5,0.3,1.0,1.0,1.0,0.5,0.4166874947591263,0.7284410830903504
206,500,6,0.1,1.0,0.7,1.0,0.5,0.4985781154232442,0.7285128129701647
207,200,10,0.2,0.7,0.7,1.0,0.5,0.2614783160618294,0.7286201714190086
208,500,6,0.3,1.0,1.0,1.0,0.0,0.30376849687592467,0.7286265045521751
209,200,7,0.2,1.0,1.0,0.5,0.5,0.42662275286623225,0.7286883687712074
210,500,5,0.3,1.0,1.0,0.5,0.5,0.41209068489752954,0.7287992857162546
211,200,7,0.2,1.0,1.0,1.0,0.0,0.4354616126028273,0.7288082995719777
212,200,10,0.2,0.7,1.0,1.0,0.5,0.26164992388348834,0.7288288139489494
213,200,7,0.2,1.0,0.7,1.0,0.0,0.44018180264698076,0.7288503534437967
214,500,7,0.05,0.7,1.0,1.0,0.5,0.5067162374588581,0.728856755076589
215,500,7,0.05,0.7,1.0,0.5,0.5,0.5037433950850249,0.7289120667083526
216,500,6,0.1,1.0,1.0,1.0,0.0,0.4977429843728815,0.7289326905448344
217,200,7,0.3,1.0,1.0,1.0,0.5,0.3576977908569857,0.7290834388242319
218,200,9,0.3,1.0,1.0,0.5,0.5,0.22785710315969443,0.7291352066761626
219,500,6,0.1,1.0,0.7,0.5,0.0,0.49756251828323605,0.729167423460417
220,200,9,0.3,1.0,1.0,1.0,0.5,0.2301635851002469,0.7292140003843072
221,200,9,0.3,1.0,0.7,0.5,0.5,0.22999385686826587,0.729288940979947
222,500,6,0.1,1.0,0.7,1.0,0.0,0.5033607316675297,0.7293750797505304
223,500,7,0.2,0.7,0.7,0.5,0.5,0.31033027403961216,0.7294251150581231
224,500,7,0.05,0.7,0.7,0.5,0.5,0.5093140810985525,0.7294319400594249
225,500,7,0.05,0.7,0.7,1.0,0.5,0.5127618711746184,0.7294965793885847
226,200,7,0.3,1.0,1.0,0.5,0.5,0.3533038743321165,0.7297024882928427
227,500,6,0.1,0.7,1.0,1.0,0.0,0.4937734081554212,0.7298144174419611
228,200,9,0.3,1.0,0.7,1.0,0.5,0.2330970857745547,0.7298507636309026
229,200,7,0.3,1.0,0.7,1.0,0.5,0.3663887401504227,0.7298566982351576
230,500,10,0.2,1.0,1.0,0.5,0.0,0.20176917558297075,0.729863723055785
231,500,6,0.2,0.7,1.0,0.5,0.5,0.3847382124324598,0.7299400070031032
232,500,6,0.2,0.7,0.7,1.0,0.0,0.3986158331484223,0.7300133866825204
233,200,9,0.2,0.7,1.0,0.5,0.5,0.29840773912426305,0.7300735612579797
234,500,7,0.3,1.0,1.0,1.0,0.0,0.2336438296272282,0.7302311518051708
235,200,7,0.3,1.0,0.7,0.5,0.5,0.36226004752427765,0.7303439243921985
236,500,6,0.2,0.7,1.0,1.0,0.0,0.3952948335985409,0.730439937348932
237,200,10,0.2,0.7,1.0,0.5,0.5,0.263039578351122,0.7306295411213357
238,200,9,0.2,0.7,0.7,1.0,0.0,0.31181526623883815,0.7306712655408141
239,500,6,0.1,1.0,1.0,0.5,0.0,0.4922250197580901,0.7307241104531326
240,500,6,0.1,0.7,0.7,1.0,0.5,0.49501880650440144,0.730892980690101
241,500,7,0.3,1.0,0.7,0.5,0.0,0.23334245631342895,0.7308937893454166
242,200,7,0.2,1.0,1.0,0.5,0.0,0.43095530351822164,0.7309626563013766
243,500,6,0.1,0.7,0.7,0.5,0.5,0.4930575670927953,0.7309826146194472
244,500,7,0.05,0.7,1.0,1.0,0.0,0.5117611145116542,0.7311279844141405
245,500,6,0.3,1.0,1.0,0.5,0.0,0.2988270609532801,0.7311542184169614
246,200,9,0.2,0.7,0.7,0.5,0.5,0.2988287412660605,0.7311585367354153
247,500,7,0.2,0.7,1.0,0.5,0.0,0.33011754805496496,0.7311958136389115
248,500,7,0.3,1.0,0.7,1.0,0.0,0.23591919842129314,0.7312120397461939
249,500,5,0.2,1.0,1.0,1.0,0.5,0.4853528445869651,0.731221865434656
250,500,9,0.2,0.7,1.0,1.0,0.5,0.23983007117789945,0.7312238764282704
251,500,6,0.1,0.7,1.0,0.5,0.0,0.49333720511744356,0.7312310260083261
252,200,9,0.3,1.0,1.0,1.0,0.0,0.23440425376725016,0.7314764377808293
253,500,9,0.2,0.7,0.7,1.0,0.5,0.23834343889477574,0.7315202511868413
254,500,5,0.3,1.0,0.7,0.5,0.5,0.4210022392188402,0.7315389801493268
255,500,7,0.05,0.7,1.0,0.5,0.0,0.5088831790801719,0.7316801350695804
256,500,5,0.3,1.0,1.0,1.0,0.0,0.4169016240622999,0.7316883888242025
257,500,7,0.05,1.0,0.7,0.5,0.5,0.5200717043105875,0.7317636989675593
258,500,5,0.2,1.0,1.0,0.5,0.5,0.4807656729658002,0.7318580216216477
259,500,6,0.2,0.7,1.0,0.5,0.0,0.39828149162016346,0.7319055750886914
260,500,7,0.05,0.7,0.7,1.0,0.0,0.5164126705752413,0.7320522062732034
261,500,7,0.05,0.7,0.7,0.5,0.0,0.5126958174933158,0.7320583165745211
262,200,10,0.2,0.7,0.7,1.0,0.0,0.27367441317016133,0.7320777737162176
263,500,5,0.3,1.0,0.7,1.0,0.5,0.42541549032109965,0.7321224072723393
264,500,7,0.2,0.7,0.7,0.5,0.0,0.3273253304817433,0.7322184916653192
265,200,9,0.2,0.7,1.0,1.0,0.0,0.3126082696225301,0.7322718061111696
266,500,7,0.3,1.0,1.0,0.5,0.0,0.2312779273380565,0.7322893480626068
267,200,9,0.3,1.0,0.7,1.0,0.0,0.23609717296137953,0.7325683428546583
268,200,10,0.2,0.7,0.7,0.5,0.5,0.261165480600705,0.7325781230089183
269,200,7,0.2,0.7,1.0,1.0,0.5,0.4396551251532257,0.7326326215075223
270,500,7,0.05,1.0,0.7,1.0,0.5,0.5244488803309566,0.7326664727892279
271,200,9,0.05,1.0,0.7,0.5,0.5,0.49586261075494603,0.7327149218164412
272,200,9,0.05,0.7,0.7,1.0,0.5,0.5058851294932161,0.7327848727391794
273,500,6,0.1,0.7,0.7,1.0,0.0,0.4988761383765871,0.7328695748488401
274,200,7,0.3,1.0,1.0,1.0,0.0,0.3630356410089123,0.7328957874868711
275,200,9,0.05,1.0,0.7,1.0,0.5,0.5004946226651141,0.7329045816244548
276,500,6,0.2,0.7,0.7,0.5,0.0,0.4015141579193971,0.7329319090765867
277,200,9,0.05,0.7,0.7,0.5,0.5,0.4966464327282633,0.7329953716189073
278,500,5,0.2,1.0,0.7,1.0,0.5,0.4935847395717208,0.7331918445262375
279,500,7,0.05,1.0,1.0,1.0,0.5,0.5212714878209611,0.7331945638074988
280,200,9,0.05,1.0,0.7,0.5,0.0,0.4944515472826741,0.7332433284611067
281,500,9,0.3,1.0,1.0,1.0,0.5,0.20355909177940756,0.733266761410224
282,500,9,0.2,0.7,0.7,1.0,0.0,0.2510845015872899,0.7333345327796394
283,500,9,0.3,1.0,0.7,0.5,0.5,0.20379694029709042,0.7333594256919431
284,500,9,0.3,1.0,1.0,0.5,0.5,0.20342438134571178,0.733372093529549
285,200,7,0.2,0.7,1.0,0.5,0.5,0.4362054586378687,0.7334018769993005
286,200,9,0.05,0.7,1.0,1.0,0.5,0.5002054191232794,0.733448391095736
287,200,9,0.05,0.7,1.0,0.5,0.5,0.49315200431399653,0.7334725013900985
288,500,6,0.1,0.7,0.7,0.5,0.0,0.4982108466790146,0.7335083559549347
289,500,9,0.3,1.0,0.7,1.0,0.5,0.20396006489284255,0.7337075710109899
290,200,10,0.3,1.0,0.7,0.5,0.5,0.21139481390227596,0.7337305927868242
291,200,7,0.3,1.0,1.0,0.5,0.0,0.3610312749762724,0.7338704356880796
292,500,7,0.05,1.0,0.7,0.5,0.0,0.522021788288241,0.7338714918329183
293,500,5,0.2,1.0,1.0,0.5,0.0,0.48321701804166756,0.734038250149681
294,200,7,0.3,1.0,0.7,0.5,0.0,0.36360142204484447,0.7341909419276879
295,500,7,0.05,1.0,1.0,0.5,0.0,0.5193201696055103,0.7342003904583781
296,500,10,0.2,0.7,1.0,1.0,0.5,0.2259688681244253,0.734207726665165
297,500,5,0.2,1.0,0.7,0.5,0.5,0.490503984563482,0.7342348632230029
298,500,7,0.05,1.0,0.7,1.0,0.0,0.5277568923049368,0.7343028728539882
299,200,7,0.3,1.0,0.7,1.0,0.0,0.3690231415687444,0.7344773189063685
300,500,10,0.2,0.7,0.7,1.0,0.5,0.22468463805472924,0.7345512557927292
301,200,9,0.05,0.7,0.7,0.5,0.0,0.49716341452071444,0.7345564957858348
302,500,9,0.2,0.7,1.0,1.0,0.0,0.25474948925492075,0.7346159129509103
303,200,9,0.05,0.7,0.7,1.0,0.0,0.504536230298926,0.7346411447736441
304,200,9,0.2,0.7,1.0,0.5,0.0,0.3173535070549633,0.7349320568521882
305,500,5,0.2,1.0,0.7,0.5,0.0,0.48997636078966483,0.7350636193724418
306,500,5,0.3,1.0,0.7,1.0,0.0,0.42522856583865004,0.7351004833693952
307,200,9,0.05,1.0,0.7,1.0,0.0,0.5026152245570535,0.7351388562943038
308,500,7,0.05,1.0,1.0,0.5,0.5,0.5190520609233855,0.7351744436888648
309,500,5,0.2,1.0,1.0,1.0,0.0,0.48848156752696886,0.735200576670554
310,500,5,0.3,1.0,1.0,0.5,0.0,0.414468419897787,0.735211075575329
311,500,5,0.2,1.0,0.7,1.0,0.0,0.4936194406192245,0.7353317148734133
312,200,7,0.2,0.7,0.7,1.0,0.5,0.4463988376818474,0.7353594533457283
313,200,10,0.2,0.7,1.0,1.0,0.0,0.27690244059295827,0.7354892815335572
314,200,9,0.05,0.7,1.0,1.0,0.0,0.5001513126479703,0.7355095182817031
315,200,9,0.05,0.7,1.0,0.5,0.0,0.4957865966109285,0.7356033950803363
316,500,9,0.2,0.7,1.0,0.5,0.5,0.2413614262491365,0.7356128033634732
317,200,10,0.3,1.0,1.0,1.0,0.5,0.21095078480718538,0.7357801941456601
318,200,9,0.05,1.0,1.0,0.5,0.5,0.49551135321049133,0.7363526523782749
319,200,10,0.3,1.0,0.7,1.0,0.0,0.21101133844735462,0.7364131276842472
320,200,10,0.3,1.0,0.7,1.0,0.5,0.2125533114638867,0.7364540548789965
321,500,9,0.2,0.7,0.7,0.5,0.5,0.239471274198724,0.7365583127327101
322,500,10,0.2,0.7,0.7,1.0,0.0,0.2350814915902742,0.7366676257648775
323,500,10,0.3,1.0,0.7,0.5,0.5,0.20243650309233344,0.736747479715595
324,200,9,0.2,0.7,0.7,0.5,0.0,0.31430244227846277,0.7368726761251232
325,200,10,0.2,0.7,1.0,0.5,0.0,0.27877864947697023,0.7369349362080191
326,500,9,0.3,1.0,1.0,1.0,0.0,0.201849984982834,0.7370307749821193
327,500,7,0.05,1.0,1.0,1.0,0.0,0.5258972666733187,0.737132194883705
328,200,9,0.05,1.0,1.0,1.0,0.0,0.5002168311540256,0.7374891473547712
329,200,10,0.3,1.0,1.0,0.5,0.5,0.21012567414509697,0.7375133512134578
330,200,9,0.3,1.0,0.7,0.5,0.0,0.231997446251914,0.7377167389765996
331,500,9,0.3,1.0,0.7,1.0,0.0,0.20192677384695792,0.7377332421769558
332,200,10,0.2,0.7,0.7,0.5,0.0,0.2772524631409696,0.7377473987507477
333,200,7,0.2,0.7,1.0,1.0,0.0,0.4504302639127873,0.7380647220380353
334,500,5,0.3,1.0,0.7,0.5,0.0,0.4210051427867323,0.7381874807683565
335,200,9,0.05,1.0,1.0,0.5,0.0,0.49292962102562465,0.7382465987731787
336,200,9,0.05,1.0,1.0,1.0,0.5,0.5023563623997181,0.7383572925472065
337,200,9,0.3,1.0,1.0,0.5,0.0,0.23028845868059877,0.738477788645747
338,500,10,0.2,0.7,1.0,0.5,0.5,0.22743953848799942,0.7385385419303663
339,500,10,0.3,1.0,1.0,1.0,0.5,0.20229624837756818,0.7386030016348489
340,200,10,0.3,1.0,1.0,1.0,0.0,0.21119825214547439,0.7386170868153532
341,200,7,0.2,0.7,0.7,0.5,0.5,0.4437404848049038,0.7394106392780254
342,200,7,0.2,0.7,0.7,1.0,0.0,0.45237452436311065,0.7394555850935002
343,500,10,0.3,1.0,0.7,1.0,0.5,0.20249245467650445,0.7394917243910456
344,500,9,0.2,0.7,1.0,0.5,0.0,0.26002241470052373,0.7397339903983948
345,500,5,0.2,0.7,0.7,1.0,0.5,0.5011644993951895,0.7400171715388278
346,500,10,0.3,1.0,1.0,0.5,0.5,0.20226345461869416,0.7401439624169629
347,200,6,0.3,1.0,1.0,1.0,0.5,0.46811540955598546,0.7402021327152751
348,500,10,0.3,1.0,0.7,1.0,0.0,0.2010558910380049,0.7402949126897781
349,200,6,0.3,1.0,1.0,0.5,0.5,0.46501384279078123,0.7406105637406631
350,200,10,0.3,1.0,1.0,0.5,0.0,0.20958013612564588,0.7407420315000507
351,200,6,0.3,1.0,0.7,1.0,0.5,0.47533798619641676,0.7408032525873778
352,500,10,0.2,0.7,0.7,0.5,0.5,0.22560880063924338,0.7409162969798989
353,500,5,0.2,0.7,1.0,1.0,0.5,0.4960714241214253,0.7412160448555769
354,200,7,0.2,0.7,1.0,0.5,0.0,0.44881647587188517,0.7412946235466307
355,200,10,0.3,1.0,0.7,0.5,0.0,0.2096185568919623,0.7414737071272117
356,500,5,0.2,0.7,0.7,0.5,0.5,0.49868993812558127,0.7417084911438078
357,500,10,0.01,1.0,0.7,0.5,0.0,0.5157630344569051,0.742300210397976
358,500,10,0.3,1.0,1.0,1.0,0.0,0.20105961314888296,0.7425923827548182
359,200,7,0.2,0.7,0.7,0.5,0.0,0.4509844927348209,0.7426415275134789
360,500,9,0.2,0.7,0.7,0.5,0.0,0.2552597901984773,0.7427805545556255
361,500,10,0.2,0.7,1.0,1.0,0.0,0.238635935106096,0.7429100619362896
362,200,6,0.3,1.0,0.7,0.5,0.5,0.47391195640529177,0.7429416777636306
363,500,5,0.2,0.7,1.0,0.5,0.5,0.4928539590587778,0.743017780026158
364,500,6,0.3,0.7,1.0,1.0,0.5,0.34059801523643973,0.7431352084519479
365,500,9,0.3,1.0,0.7,0.5,0.0,0.20171330998181766,0.7431767253588207
366,500,10,0.01,1.0,0.7,0.5,0.5,0.5243558738331511,0.7432211427893882
367,500,9,0.3,1.0,1.0,0.5,0.0,0.20164111204356203,0.7436973917265894
368,500,10,0.01,1.0,0.7,1.0,0.0,0.5253822300004979,0.7438808881818689
369,500,10,0.2,0.7,1.0,0.5,0.0,0.24254916453919365,0.7439254624408346
370,200,6,0.3,1.0,0.7,1.0,0.0,0.4771188279194563,0.7440943689157902
371,500,10,0.3,1.0,1.0,0.5,0.0,0.2010368302670692,0.7441321863372414
372,500,5,0.2,0.7,1.0,0.5,0.0,0.49904614141368925,0.744163806688963
373,500,10,0.2,0.7,0.7,0.5,0.0,0.23849549997744462,0.744167660795147
374,500,6,0.3,0.7,0.7,1.0,0.0,0.35565488177362053,0.7443475414423791
375,500,10,0.01,1.0,0.7,1.0,0.5,0.5318342240206585,0.7445087797420722
376,200,6,0.2,1.0,1.0,0.5,0.5,0.533582387564223,0.7447229538220745
377,500,6,0.3,0.7,0.7,1.0,0.5,0.34557560759940636,0.7448137504606981
378,500,6,0.3,0.7,1.0,0.5,0.5,0.34196551213121473,0.7448514565082546
379,500,10,0.3,1.0,0.7,0.5,0.0,0.20103660766077158,0.7449096794942571
380,500,7,0.3,0.7,1.0,1.0,0.5,0.28066107287195646,0.7455493970226531
381,200,6,0.2,1.0,1.0,1.0,0.5,0.5364449055004268,0.7455525433467608
382,200,7,0.3,0.7,1.0,1.0,0.5,0.38399044228657453,0.7455911042049119
383,500,6,0.3,0.7,1.0,1.0,0.0,0.3556840790084737,0.7455978631889806
384,500,5,0.3,0.7,1.0,1.0,0.5,0.43879690410216293,0.7457427969236563
385,200,6,0.3,1.0,1.0,1.0,0.0,0.47183544728385074,0.7458174172570609
386,500,5,0.2,0.7,1.0,1.0,0.0,0.49793079984805905,0.745840476471037
387,500,5,0.2,0.7,0.7,1.0,0.0,0.5055444018816098,0.7459125242926706
388,500,5,0.2,0.7,0.7,0.5,0.0,0.5037298310057974,0.7459210295088553
389,500,10,0.01,0.7,1.0,0.5,0.0,0.5310779452581955,0.7459271250815971
390,200,7,0.1,0.7,1.0,0.5,0.5,0.5484658069596906,0.745935867483285
391,200,6,0.3,1.0,0.7,0.5,0.0,0.47224534696964543,0.7459606273423502
392,500,10,0.01,0.7,0.7,0.5,0.0,0.5372208472874219,0.7462028871555944
393,500,10,0.01,0.7,1.0,0.5,0.5,0.5365188816379246,0.7464099629864412
394,200,7,0.1,0.7,0.7,0.5,0.5,0.5544784345233628,0.7465748164167666
395,500,7,0.3,0.7,0.7,1.0,0.5,0.2808469035440354,0.7469078610032989
396,200,7,0.1,1.0,0.7,1.0,0.5,0.563038385027623,0.7471401303086477
397,500,10,0.01,0.7,1.0,1.0,0.0,0.5390351237710361,0.7472803789305761
398,200,7,0.3,0.7,0.7,0.5,0.5,0.3885965260205216,0.7473024842721625
399,500,10,0.01,0.7,0.7,0.5,0.5,0.5438006343465476,0.7473409864400595
400,200,6,0.3,1.0,1.0,0.5,0.0,0.4672363386652206,0.7474030416557244
401,200,6,0.2,1.0,0.7,1.0,0.5,0.5459575936188149,0.7474735282050914
402,200,7,0.1,0.7,1.0,1.0,0.5,0.5528540852043607,0.7475413422421645
403,500,10,0.01,0.7,1.0,1.0,0.5,0.5437147715120884,0.747600215955998
404,500,10,0.01,0.7,0.7,1.0,0.0,0.5453472652241225,0.7478412283017984
405,200,6,0.2,1.0,1.0,1.0,0.0,0.5397643601558699,0.747912464380754
406,500,7,0.3,0.7,0.7,0.5,0.5,0.28248072300411453,0.7479194291816192
407,200,7,0.1,0.7,1.0,0.5,0.0,0.5508018664396191,0.7480896546966964
408,500,5,0.3,0.7,1.0,0.5,0.5,0.4390603192382967,0.7481006707641895
409,500,10,0.01,0.7,0.7,1.0,0.5,0.5505897557757515,0.7482274290787964
410,200,7,0.3,0.7,0.7,1.0,0.5,0.38863767661817605,0.7482755135719307
411,200,7,0.1,0.7,0.7,1.0,0.5,0.5594129119149303,0.7482847511735838
412,200,7,0.1,1.0,1.0,0.5,0.5,0.5564906405108458,0.7482911081364421
413,500,10,0.01,1.0,1.0,0.5,0.0,0.5178023018151494,0.7484257378355655
414,200,7,0.1,1.0,1.0,1.0,0.5,0.5623629563848793,0.7484630939468203
415,200,6,0.2,1.0,1.0,0.5,0.0,0.5362646923408346,0.7484643839467446
416,200,7,0.1,1.0,0.7,0.5,0.5,0.5586815234871878,0.7484961102693342
417,200,9,0.3,0.7,1.0,1.0,0.5,0.2701538018557792,0.7485332198978875
418,200,6,0.2,1.0,0.7,0.5,0.5,0.5405679135510052,0.7485871398573383
419,200,6,0.2,1.0,0.7,1.0,0.0,0.5459760367524138,0.7487644755731817
420,200,7,0.1,1.0,1.0,0.5,0.0,0.5584925122956096,0.7489239491195622
421,500,10,0.01,1.0,1.0,0.5,0.5,0.5245301315858534,0.7489422919008745
422,200,7,0.1,0.7,1.0,1.0,0.0,0.555942105018551,0.7491115876918314
423,500,6,0.3,0.7,0.7,0.5,0.5,0.346016594886741,0.7495689366328466
424,200,7,0.1,1.0,0.7,0.5,0.0,0.5588659531397868,0.7501408729869323
425,200,7,0.1,0.7,0.7,0.5,0.0,0.5557799808121553,0.7501593265418703
426,500,10,0.01,1.0,1.0,1.0,0.5,0.531428584657771,0.7502256713195399
427,500,5,0.3,0.7,0.7,1.0,0.5,0.44727894298992993,0.7502257810117696
428,500,10,0.01,1.0,1.0,1.0,0.0,0.5273189895373678,0.750395035558412
429,500,7,0.3,0.7,0.7,1.0,0.0,0.2965423544712623,0.7504604773708382
430,200,7,0.1,0.7,0.7,1.0,0.0,0.5604209216289981,0.7504778761764418
431,200,6,0.2,1.0,0.7,0.5,0.0,0.5424922177238467,0.7505711967823071
432,200,6,0.2,0.7,1.0,1.0,0.5,0.5400653477740782,0.7506672875756842
433,200,7,0.3,0.7,0.7,1.0,0.0,0.3986482417647649,0.7507174609461718
434,200,7,0.1,1.0,1.0,1.0,0.0,0.5630573371211743,0.7508040054297023
435,200,9,0.3,0.7,0.7,1.0,0.5,0.2705575768221425,0.7513008062411934
436,500,7,0.3,0.7,1.0,1.0,0.0,0.2995237796889505,0.7513300998557987
437,500,5,0.3,0.7,0.7,0.5,0.5,0.44540826961138186,0.751343085815345
438,200,7,0.3,0.7,1.0,1.0,0.0,0.39555797767498085,0.7514403670087887
439,200,7,0.1,1.0,0.7,1.0,0.0,0.5682888689040402,0.7515885390399922
440,500,7,0.3,0.7,1.0,0.5,0.5,0.28292295300101944,0.751700833653728
441,200,7,0.3,0.7,1.0,0.5,0.5,0.3828743234900736,0.751824439417688
442,500,6,0.3,0.7,0.7,0.5,0.0,0.360252954351616,0.7518994451376259
443,500,5,0.3,0.7,0.7,1.0,0.0,0.4528361964073097,0.7530481149498089
444,200,10,0.3,0.7,0.7,1.0,0.5,0.24320264702489663,0.7530750878452439
445,200,6,0.2,0.7,1.0,0.5,0.5,0.5378954901571227,0.7531820815808662
446,500,5,0.3,0.7,1.0,1.0,0.0,0.44845441586613427,0.753217015480746
447,200,6,0.2,0.7,0.7,0.5,0.5,0.5428268310812663,0.7534954713623084
448,200,9,0.3,0.7,0.7,0.5,0.5,0.2710153031454439,0.7536211407049905
449,200,7,0.3,0.7,0.7,0.5,0.0,0.40245807172988896,0.7536938476740086
450,200,6,0.3,0.7,1.0,1.0,0.5,0.48096667135704974,0.7537961371149536
451,500,7,0.3,0.7,0.7,0.5,0.0,0.30218013679484723,0.7538974034678542
452,200,6,0.2,0.7,0.7,1.0,0.5,0.5479981369478725,0.7539321021805999
453,200,9,0.3,0.7,1.0,1.0,0.0,0.2869868283673529,0.7540067263754933
454,500,6,0.3,0.7,1.0,0.5,0.0,0.3618164277845306,0.7540402541846762
455,200,7,0.3,0.7,1.0,0.5,0.0,0.3992772561537612,0.7540905764678314
456,200,10,0.3,0.7,1.0,1.0,0.5,0.24356370174190753,0.7541223106014383
457,500,5,0.3,0.7,1.0,0.5,0.0,0.44822439695198585,0.7542846766021873
458,200,9,0.3,0.7,1.0,0.5,0.5,0.27129853838289236,0.7546441699570929
459,500,7,0.3,0.7,1.0,0.5,0.0,0.3052052451893959,0.7548733062547204
460,200,6,0.2,0.7,1.0,1.0,0.0,0.5430898721015529,0.7553089801367991
461,200,6,0.2,0.7,1.0,0.5,0.0,0.5416999369257794,0.755569077436529
462,500,5,0.1,0.7,1.0,1.0,0.5,0.5996295471377295,0.7556081671959365
463,200,9,0.3,0.7,0.7,1.0,0.0,0.2843302353359564,0.7558395317719957
464,200,6,0.2,0.7,0.7,1.0,0.0,0.5510560131322975,0.7561304685430169
465,500,6,0.05,0.7,1.0,1.0,0.5,0.6064870242569628,0.7561521431350228
466,500,5,0.3,0.7,0.7,0.5,0.0,0.4545247529873332,0.7565253587364372
467,500,6,0.05,0.7,1.0,0.5,0.5,0.6039281274263087,0.756908251602878
468,500,5,0.1,0.7,1.0,0.5,0.5,0.598239384220099,0.757042221455846
469,200,6,0.3,0.7,1.0,0.5,0.5,0.48038108912020916,0.7572022312325517
470,500,9,0.3,0.7,1.0,1.0,0.5,0.23134874806007055,0.7573328777329531
471,500,6,0.05,0.7,1.0,1.0,0.0,0.6071924434418225,0.7573539073988497
472,500,5,0.1,1.0,1.0,0.5,0.5,0.6050460237794724,0.757621632969362
473,200,10,0.3,0.7,0.7,0.5,0.5,0.24540511287217057,0.757678839141803
474,200,6,0.2,0.7,0.7,0.5,0.0,0.5494225060478163,0.7577228534595141
475,200,6,0.3,0.7,0.7,1.0,0.0,0.4925183608372101,0.7578013207360828
476,500,6,0.05,0.7,0.7,0.5,0.5,0.6087336733993923,0.7578054566792926
477,200,6,0.3,0.7,1.0,1.0,0.0,0.4874769871978911,0.7578847222165581
478,500,5,0.1,1.0,1.0,1.0,0.5,0.6089816627712216,0.7578982169386147
479,500,6,0.05,0.7,0.7,1.0,0.5,0.611692816926549,0.7579279072862207
480,200,10,0.3,0.7,0.7,1.0,0.0,0.2574788779695895,0.7583045638404833
481,500,5,0.1,0.7,0.7,0.5,0.5,0.603797880147002,0.7583200058770985
482,500,5,0.1,0.7,1.0,0.5,0.0,0.5995879712095746,0.7583562297415234
483,500,5,0.1,0.7,1.0,1.0,0.0,0.6012483114343617,0.7585752553803516
484,500,5,0.1,1.0,1.0,1.0,0.0,0.6088409736128569,0.7585815735690578
485,500,5,0.1,0.7,0.7,1.0,0.5,0.6057107376934594,0.7588317327284116
486,500,6,0.05,0.7,0.7,1.0,0.0,0.6118735195152977,0.7588677188471868
487,200,6,0.3,0.7,0.7,1.0,0.5,0.4906509414101385,0.759163909778174
488,500,6,0.05,0.7,1.0,0.5,0.0,0.6052983365502878,0.7592993417661761
489,200,10,0.3,0.7,1.0,0.5,0.5,0.24647598197270482,0.7594894325798999
490,200,10,0.3,0.7,1.0,1.0,0.0,0.26076993942069837,0.7597767434296036
491,500,9,0.3,0.7,0.7,1.0,0.5,0.2301754435218027,0.7599679853949877
492,500,5,0.1,1.0,0.7,0.5,0.5,0.6112915353198276,0.7602296781641856
493,500,5,0.1,1.0,0.7,1.0,0.5,0.6132415029489021,0.7603095118237548
494,500,5,0.1,1.0,0.7,1.0,0.0,0.6156342167351255,0.7604587619363461
495,500,5,0.1,1.0,1.0,0.5,0.0,0.6087609110313138,0.7606065861551089
496,500,6,0.05,0.7,0.7,0.5,0.0,0.6105474928170586,0.7608388071620784
497,500,5,0.1,0.7,0.7,1.0,0.0,0.6068857300358323,0.7609714443685991
498,500,5,0.1,1.0,0.7,0.5,0.0,0.6114246630261922,0.761444866234184
499,500,5,0.1,0.7,0.7,0.5,0.0,0.6063058233035263,0.7614977187073885
500,200,6,0.3,0.7,0.7,0.5,0.5,0.48847221389573314,0.7617636992853917
501,200,6,0.3,0.7,0.7,0.5,0.0,0.4934659364247085,0.7620132245475825
502,200,5,0.3,1.0,1.0,1.0,0.5,0.5855591428250392,0.76207356285363
503,200,5,0.3,1.0,1.0,0.5,0.5,0.5825107217836973,0.7620911516994255
504,200,9,0.3,0.7,1.0,0.5,0.0,0.29268834163639695,0.762849190859998
505,200,5,0.3,1.0,1.0,1.0,0.0,0.5849261369498872,0.7631916641009285
506,500,6,0.05,1.0,0.7,0.5,0.5,0.622723377692445,0.7632766200691465
507,500,10,0.3,0.7,0.7,1.0,0.5,0.22031708792687174,0.7636514919371278
508,500,9,0.3,0.7,1.0,0.5,0.5,0.23397397566433972,0.7639991733143779
509,200,6,0.3,0.7,1.0,0.5,0.0,0.48749576608549444,0.7640202427964929
510,200,9,0.3,0.7,0.7,0.5,0.0,0.28925876291601543,0.7640612555864897
511,500,6,0.05,1.0,0.7,1.0,0.0,0.6258965785665681,0.7643725975317338
512,500,9,0.3,0.7,1.0,1.0,0.0,0.2462946885475771,0.7644009614846385
513,500,6,0.05,1.0,0.7,1.0,0.5,0.627006407887668,0.7647881548136314
514,500,6,0.05,1.0,0.7,0.5,0.0,0.6243679767314853,0.7649808331673923
515,500,10,0.3,0.7,1.0,1.0,0.5,0.2216848725953959,0.7650704374637339
516,500,9,0.3,0.7,0.7,0.5,0.5,0.23219419804037986,0.7653287832260739
517,200,5,0.3,1.0,0.7,0.5,0.5,0.5915686786054376,0.7653708697029744
518,500,6,0.05,1.0,1.0,0.5,0.0,0.6215760064585791,0.7654052082827701
519,500,6,0.05,1.0,1.0,0.5,0.5,0.6216598661691214,0.7654257556712851
520,500,9,0.01,1.0,0.7,0.5,0.0,0.5992340065082364,0.7656362344707922
521,500,6,0.05,1.0,1.0,1.0,0.0,0.6247930453560437,0.7657778705152177
522,200,5,0.3,1.0,1.0,0.5,0.0,0.5844332252618125,0.7663066397805381
523,500,9,0.01,1.0,0.7,0.5,0.5,0.6032815388017843,0.7663443921850374
524,200,5,0.3,1.0,0.7,1.0,0.0,0.593473208666823,0.7668895568101824
525,500,6,0.05,1.0,1.0,1.0,0.5,0.6238754848333807,0.7669593790268944
526,500,9,0.01,0.7,1.0,0.5,0.0,0.6060150097983379,0.7669677448551353
527,200,10,0.3,0.7,0.7,0.5,0.0,0.2615141367296213,0.7670919307530542
528,500,9,0.3,0.7,0.7,1.0,0.0,0.2425866359905584,0.7671125698506571
529,500,9,0.01,0.7,1.0,0.5,0.5,0.6094044420671558,0.7671881694462037
530,500,9,0.01,1.0,0.7,1.0,0.0,0.6057713012967895,0.7673222693739018
531,500,9,0.01,1.0,0.7,1.0,0.5,0.6090626097068116,0.7674125408011484
532,200,5,0.3,1.0,0.7,1.0,0.5,0.5960733888420396,0.7681156827669982
533,200,10,0.3,0.7,1.0,0.5,0.0,0.2655147141742917,0.7683524267859295
534,500,9,0.01,0.7,1.0,1.0,0.5,0.6147611059915625,0.7683595454590492
535,500,9,0.01,0.7,1.0,1.0,0.0,0.6116384810979765,0.7684779108136827
536,500,9,0.01,0.7,0.7,0.5,0.0,0.6117159223257991,0.7687495881763242
537,500,9,0.01,0.7,0.7,0.5,0.5,0.616023120533952,0.7694246095242401
538,500,9,0.01,1.0,1.0,0.5,0.0,0.5988413845207445,0.7694722802335179
539,500,9,0.01,1.0,1.0,0.5,0.5,0.6032696542924848,0.7698127936812534
540,500,9,0.01,0.7,0.7,1.0,0.0,0.6174924935710985,0.7698685415719793
541,500,9,0.01,1.0,1.0,1.0,0.5,0.6081321009001683,0.7702975277939044
542,500,9,0.01,0.7,0.7,1.0,0.5,0.621729406348726,0.7703503568829855
543,500,9,0.01,1.0,1.0,1.0,0.0,0.6049386930787422,0.7703894731168694
544,500,10,0.3,0.7,1.0,1.0,0.0,0.23397413662434896,0.7710114487705063
545,200,5,0.3,1.0,0.7,0.5,0.0,0.5909678281050041,0.7710596788673383
546,500,10,0.3,0.7,0.7,1.0,0.0,0.23043748585304302,0.7717594355897918
547,500,10,0.3,0.7,0.7,0.5,0.5,0.2222392799018008,0.7735885699875475
548,200,5,0.3,0.7,1.0,0.5,0.5,0.5905050123398332,0.77384938724278
549,500,10,0.3,0.7,1.0,0.5,0.5,0.22373215595436072,0.7741314104341339
550,500,9,0.3,0.7,1.0,0.5,0.0,0.2522594369321008,0.7751381038433109
551,200,5,0.3,0.7,1.0,1.0,0.5,0.5927864557160877,0.7752559203688508
552,200,6,0.1,0.7,1.0,0.5,0.5,0.6446411257628862,0.7753106936407269
553,200,6,0.1,0.7,1.0,1.0,0.5,0.6480788195721677,0.7763977879833905
554,200,6,0.1,0.7,1.0,1.0,0.0,0.6493616382941428,0.776860171183134
555,500,9,0.3,0.7,0.7,0.5,0.0,0.2472237416935159,0.7769803106399774
556,200,5,0.2,1.0,1.0,1.0,0.5,0.6463538654523907,0.7770124614379085
557,200,5,0.3,0.7,1.0,1.0,0.0,0.5951251857561166,0.7771308854035495
558,200,5,0.2,1.0,1.0,0.5,0.5,0.6438367566045808,0.7772257394288314
559,200,5,0.3,0.7,0.7,0.5,0.5,0.5996428683855729,0.7779111082299087
560,200,5,0.2,1.0,0.7,0.5,0.5,0.6517831902129918,0.777970423732384
561,200,5,0.3,0.7,0.7,1.0,0.5,0.6017464876277906,0.7780382555990567
562,200,6,0.1,0.7,1.0,0.5,0.0,0.6473987196652581,0.7780796736509514
563,200,5,0.3,0.7,1.0,0.5,0.0,0.5915888434680194,0.7780797943395591
564,200,6,0.1,0.7,0.7,0.5,0.5,0.6497398679185583,0.7780923178978295
565,200,5,0.3,0.7,0.7,1.0,0.0,0.6014659383774613,0.7781667774981991
566,200,5,0.2,1.0,1.0,0.5,0.0,0.6450890015561728,0.7783994895664654
567,200,6,0.1,1.0,1.0,0.5,0.5,0.6536716551248606,0.7787986002634808
568,200,6,0.1,0.7,0.7,1.0,0.5,0.6524467739123564,0.7788653632425705
569,200,6,0.1,0.7,0.7,0.5,0.0,0.6512631764860441,0.7788741432466049
570,200,6,0.1,1.0,1.0,1.0,0.5,0.6572175130076436,0.7792906465833979
571,200,6,0.1,1.0,0.7,0.5,0.5,0.6585406748577017,0.7796524531278275
572,200,5,0.2,1.0,0.7,1.0,0.5,0.6547357118204596,0.7797166712428311
573,200,5,0.2,1.0,0.7,0.5,0.0,0.6500284322465356,0.7798613117870958
574,200,5,0.2,1.0,1.0,1.0,0.0,0.6490662102575663,0.7798854629641072
575,200,6,0.1,1.0,1.0,1.0,0.0,0.6583436656090432,0.7803095690910336
576,200,6,0.1,1.0,0.7,1.0,0.5,0.6590411569764462,0.7803799582957466
577,200,6,0.1,0.7,0.7,1.0,0.0,0.6546127457133789,0.7806692269704135
578,200,6,0.1,1.0,0.7,0.5,0.0,0.6582637139451993,0.7811271537171547
579,200,5,0.2,0.7,0.7,0.5,0.5,0.6505945278365576,0.7812927021299816
580,200,5,0.2,0.7,0.7,1.0,0.5,0.6528563603235895,0.7813733106362387
581,200,5,0.2,1.0,0.7,1.0,0.0,0.6534254911242756,0.7814230980495779
582,200,6,0.1,1.0,1.0,0.5,0.0,0.6572956745305204,0.7816016330390981
583,200,5,0.2,0.7,1.0,0.5,0.0,0.6443257048059137,0.7817804124186368
584,200,5,0.2,0.7,1.0,1.0,0.5,0.6481996367058935,0.7820179418621411
585,200,5,0.3,0.7,0.7,0.5,0.0,0.6017534516960897,0.7822276925522651
586,200,6,0.1,1.0,0.7,1.0,0.0,0.6643281332988749,0.7826462506090087
587,200,5,0.2,0.7,0.7,1.0,0.0,0.653439947532483,0.7827630905560138
588,200,7,0.05,0.7,1.0,0.5,0.5,0.6621418542180751,0.7829647956291379
589,200,7,0.05,0.7,1.0,1.0,0.5,0.6641935790706334,0.7830495606427603
590,200,7,0.05,0.7,1.0,0.5,0.0,0.6603296356942311,0.7834437460945739
591,200,7,0.05,0.7,0.7,0.5,0.5,0.6667903917325738,0.7834550109015145
592,200,5,0.2,0.7,1.0,1.0,0.0,0.6469392110938152,0.7836034182681003
593,200,7,0.05,0.7,0.7,1.0,0.0,0.6675749815509442,0.783615222176334
594,200,7,0.05,0.7,0.7,1.0,0.5,0.66904287117104,0.7836364101391806
595,200,7,0.05,0.7,1.0,1.0,0.0,0.6649404137980313,0.7836847619185094
596,200,5,0.2,0.7,1.0,0.5,0.5,0.6459849438440465,0.783812592001825
597,200,7,0.05,0.7,0.7,0.5,0.0,0.6654797836036644,0.783916696353999
598,200,5,0.2,0.7,0.7,0.5,0.0,0.6489694993459898,0.7840578535664052
599,500,10,0.3,0.7,0.7,0.5,0.0,0.23503907157323692,0.7854697100805718
600,500,10,0.3,0.7,1.0,0.5,0.0,0.23928644796212034,0.7857384716418075
601,200,7,0.05,1.0,0.7,0.5,0.5,0.6714353240543702,0.7863984683854122
602,200,7,0.05,1.0,0.7,1.0,0.5,0.6744146888954229,0.7874219230321947
603,200,7,0.05,1.0,0.7,0.5,0.0,0.6719148853044765,0.7874891175129376
604,200,7,0.05,1.0,1.0,1.0,0.5,0.6739830098731363,0.7881265847104575
605,200,7,0.05,1.0,0.7,1.0,0.0,0.676424565593373,0.7884081166676282
606,200,7,0.05,1.0,1.0,0.5,0.5,0.6726900848114663,0.7888742170101937
607,200,7,0.05,1.0,1.0,0.5,0.0,0.6710102259062072,0.7888906054979459
608,200,7,0.05,1.0,1.0,1.0,0.0,0.6753556177025629,0.7907905941835764
609,500,5,0.05,0.7,1.0,1.0,0.5,0.7037038605711136,0.7951390778156782
610,500,5,0.05,0.7,1.0,0.5,0.5,0.7021923157475934,0.7959359705295843
611,500,5,0.05,0.7,1.0,0.5,0.0,0.7022683336789886,0.7965371168794227
612,500,5,0.05,0.7,1.0,1.0,0.0,0.7035100119452249,0.796876978587184
613,500,5,0.05,0.7,0.7,1.0,0.5,0.707996041279257,0.7973770070290404
614,500,5,0.05,0.7,0.7,1.0,0.0,0.7079687740849877,0.7981653738545202
615,500,5,0.05,0.7,0.7,0.5,0.5,0.7069482403392225,0.7981735435767859
616,500,5,0.05,0.7,0.7,0.5,0.0,0.7064064861770659,0.7984751576029044
617,500,3,0.3,1.0,1.0,1.0,0.5,0.6994467042649086,0.8000340162747442
618,500,3,0.3,1.0,1.0,0.5,0.5,0.6984455916605417,0.8003915078321361
619,500,3,0.3,1.0,0.7,0.5,0.5,0.7039697952580221,0.8008755731104613
620,500,3,0.3,1.0,0.7,1.0,0.5,0.7044450748615905,0.8013109755884428
621,500,3,0.3,1.0,1.0,1.0,0.0,0.6997636170241006,0.8015434029925117
622,500,5,0.05,1.0,0.7,0.5,0.5,0.717678330636082,0.8019421337828825
623,500,5,0.05,1.0,1.0,0.5,0.5,0.7157173369231339,0.8028642633550142
624,500,5,0.05,1.0,0.7,1.0,0.5,0.7199910555848239,0.8029537976268677
625,500,5,0.05,1.0,0.7,0.5,0.0,0.717839733672878,0.8030800701956111
626,500,5,0.05,1.0,0.7,1.0,0.0,0.7191444980905558,0.8031762712569902
627,500,3,0.3,1.0,0.7,0.5,0.0,0.7057837475018278,0.803409834491994
628,500,5,0.05,1.0,1.0,0.5,0.0,0.7157191711783482,0.8034809136223416
629,500,5,0.05,1.0,1.0,1.0,0.0,0.7172323595039589,0.8037426237334445
630,500,3,0.3,1.0,0.7,1.0,0.0,0.7061845188226226,0.8038169695805945
631,500,5,0.05,1.0,1.0,1.0,0.5,0.7175593648067123,0.8040304905275781
632,500,3,0.3,0.7,1.0,1.0,0.5,0.7015370617644426,0.8044361933599795
633,500,3,0.3,1.0,1.0,0.5,0.0,0.6982691163840468,0.8050212616422517
634,500,3,0.3,0.7,1.0,1.0,0.0,0.7008592818495087,0.8060117177211058
635,500,3,0.3,0.7,1.0,0.5,0.5,0.7014556236983189,0.8079137568885159
636,500,3,0.3,0.7,0.7,1.0,0.5,0.7073419545830214,0.8081808552955431
637,500,3,0.3,0.7,1.0,0.5,0.0,0.7007667931574862,0.8094214900206013
638,500,3,0.3,0.7,0.7,1.0,0.0,0.7075857904229111,0.8096003392849993
639,500,3,0.3,0.7,0.7,0.5,0.5,0.706801195622954,0.8100768401578358
640,500,3,0.3,0.7,0.7,0.5,0.0,0.7075008613198184,0.8108296969970543
641,200,5,0.1,0.7,1.0,1.0,0.5,0.7367553153668391,0.8136380205297474
642,200,5,0.1,0.7,1.0,0.5,0.5,0.7360771170319332,0.8141280387081409
643,200,5,0.1,0.7,0.7,1.0,0.5,0.7404213839821637,0.8154325894529798
644,200,5,0.1,0.7,1.0,1.0,0.0,0.7378004331611254,0.8154790738342484
645,200,5,0.1,0.7,0.7,0.5,0.5,0.7397412836965905,0.8156145430439098
646,200,5,0.1,0.7,1.0,0.5,0.0,0.7368556632286539,0.8159457413015173
647,200,5,0.1,0.7,0.7,1.0,0.0,0.7401347167095549,0.8164012820116407
648,500,3,0.2,1.0,1.0,0.5,0.5,0.7444597991068124,0.8169751890229876
649,500,3,0.2,1.0,1.0,1.0,0.0,0.7444774122487836,0.8174552830297972
650,500,3,0.2,1.0,1.0,1.0,0.5,0.7454303033210892,0.8177875231525151
651,200,5,0.1,1.0,1.0,1.0,0.0,0.7456790596497875,0.8181938183833811
652,500,3,0.2,0.7,1.0,0.5,0.5,0.7411396945714736,0.818256517905386
653,200,5,0.1,1.0,1.0,0.5,0.5,0.7438652669848146,0.8184732345268075
654,500,3,0.2,1.0,1.0,0.5,0.0,0.7442598254656314,0.8186526156163423
655,200,5,0.1,0.7,0.7,0.5,0.0,0.7408795997709221,0.8187069626938109
656,500,3,0.2,0.7,1.0,1.0,0.5,0.7421609917444679,0.818710652701974
657,500,3,0.2,0.7,0.7,0.5,0.5,0.7455358547011346,0.8188735160156189
658,200,5,0.1,1.0,1.0,1.0,0.5,0.7467111863152172,0.8189234463029146
659,500,3,0.2,0.7,1.0,1.0,0.0,0.7405457536046214,0.8189484430132077
660,200,6,0.05,0.7,1.0,0.5,0.5,0.7431922122703828,0.8192200972515835
661,500,3,0.2,1.0,0.7,1.0,0.5,0.7493766152076792,0.819346828264249
662,500,3,0.2,1.0,0.7,0.5,0.5,0.7484116077026144,0.8194397574563492
663,500,3,0.2,0.7,1.0,0.5,0.0,0.7407783202633651,0.819509958404077
664,200,6,0.05,0.7,1.0,1.0,0.5,0.7445597327920049,0.8196690792509361
665,200,5,0.1,1.0,0.7,0.5,0.0,0.7472666109720757,0.8200364351565885
666,200,6,0.05,0.7,1.0,0.5,0.0,0.7425605349542433,0.820102469360356
667,200,6,0.05,0.7,1.0,1.0,0.0,0.7445375749676562,0.8201619610118838
668,200,6,0.05,0.7,0.7,1.0,0.5,0.7475296302146053,0.8202738866060001
669,200,6,0.05,0.7,0.7,0.5,0.5,0.7463614015872699,0.8204020757300452
670,200,5,0.1,1.0,1.0,0.5,0.0,0.7463734002555525,0.8205412807694681
671,200,5,0.1,1.0,0.7,0.5,0.5,0.7477283565368292,0.8207453002948407
672,200,6,0.05,0.7,0.7,0.5,0.0,0.7462442233104482,0.8208331678653815
673,200,6,0.05,0.7,0.7,1.0,0.0,0.7477097145383018,0.8208395509529195
674,500,3,0.2,1.0,0.7,1.0,0.0,0.7494181833633725,0.8208758497902033
675,200,5,0.1,1.0,0.7,1.0,0.0,0.749620090306933,0.821039504496786
676,500,3,0.2,1.0,0.7,0.5,0.0,0.7485369752625777,0.821104663764124
677,200,5,0.1,1.0,0.7,1.0,0.5,0.7490635510845338,0.8211390871785883
678,500,3,0.2,0.7,0.7,1.0,0.5,0.7475304251325079,0.821571173534689
679,500,3,0.2,0.7,0.7,1.0,0.0,0.7467489561841048,0.82177143019789
680,500,3,0.2,0.7,0.7,0.5,0.0,0.7454567331167898,0.8218276745533704
681,200,6,0.05,1.0,0.7,1.0,0.0,0.7552358987240622,0.8248114863094967
682,200,6,0.05,1.0,1.0,1.0,0.0,0.7527393300721493,0.8250206204598591
683,200,6,0.05,1.0,0.7,0.5,0.5,0.7541857768197536,0.8252087074095316
684,200,6,0.05,1.0,1.0,0.5,0.5,0.7523141110437466,0.8254322254032272
685,200,6,0.05,1.0,0.7,1.0,0.5,0.7561240108643481,0.8255800033788957
686,200,6,0.05,1.0,0.7,0.5,0.0,0.7550073326315704,0.8258937716075513
687,200,6,0.05,1.0,1.0,0.5,0.0,0.7522238734914576,0.826074964268029
688,200,6,0.05,1.0,1.0,1.0,0.5,0.7551453620782662,0.827013172054984
689,500,7,0.01,0.7,1.0,0.5,0.5,0.7571242416109065,0.829703638299046
690,500,7,0.01,0.7,1.0,0.5,0.0,0.7560031970356743,0.8299222799483659
691,500,7,0.01,0.7,1.0,1.0,0.0,0.7579811684336325,0.8299967583035328
692,500,7,0.01,0.7,1.0,1.0,0.5,0.7594866628918778,0.8307734534562201
693,500,7,0.01,0.7,0.7,0.5,0.0,0.7606657572025923,0.8314300080846456
694,500,7,0.01,1.0,0.7,0.5,0.0,0.7595436144091655,0.8316889847459059
695,500,7,0.01,1.0,0.7,0.5,0.5,0.760442251474344,0.8317653262612807
696,500,7,0.01,1.0,0.7,1.0,0.0,0.7607748793038641,0.8318766315948074
697,500,7,0.01,0.7,0.7,0.5,0.5,0.7624684698898969,0.8319871156498502
698,500,7,0.01,1.0,0.7,1.0,0.5,0.7618543854955633,0.8320387247447624
699,500,7,0.01,0.7,0.7,1.0,0.0,0.763182460784355,0.8323415451564664
700,500,7,0.01,1.0,1.0,0.5,0.5,0.7586927529596639,0.8326044684212713
701,500,7,0.01,1.0,1.0,0.5,0.0,0.7575460896986707,0.8326239174407705
702,500,7,0.01,0.7,0.7,1.0,0.5,0.7646226822052322,0.8327227905701315
703,500,7,0.01,1.0,1.0,1.0,0.5,0.7607975421705282,0.8330307989648307
704,500,7,0.01,1.0,1.0,1.0,0.0,0.7599804357583241,0.8331973996726271
705,200,10,0.01,1.0,0.7,0.5,0.0,0.7223671993288175,0.8352922613149868
706,200,10,0.01,1.0,0.7,1.0,0.0,0.727746376373387,0.837012100960238
707,200,10,0.01,1.0,0.7,0.5,0.5,0.7283171417494037,0.8373148329090887
708,200,10,0.01,0.7,1.0,0.5,0.0,0.7281433914281918,0.8376912989054734
709,200,10,0.01,1.0,0.7,1.0,0.5,0.7323575870440722,0.8386498569813571
710,200,10,0.01,0.7,0.7,0.5,0.0,0.733684534710603,0.8390131832560965
711,200,10,0.01,0.7,1.0,1.0,0.0,0.7330733892004268,0.8392321859636156
712,200,10,0.01,0.7,1.0,0.5,0.5,0.7333308194248563,0.8394686187058872
713,200,10,0.01,1.0,1.0,0.5,0.0,0.7228558483315379,0.8404047881021002
714,200,10,0.01,0.7,0.7,1.0,0.0,0.7387991966218835,0.8408203902952467
715,200,10,0.01,1.0,1.0,1.0,0.0,0.7273563279681791,0.8412069029111129
716,200,10,0.01,0.7,1.0,1.0,0.5,0.7379694364547806,0.8413296590789214
717,200,10,0.01,0.7,0.7,0.5,0.5,0.7396338922665986,0.8413755609647918
718,200,10,0.01,1.0,1.0,0.5,0.5,0.728055154736301,0.8414698502798077
719,200,10,0.01,1.0,1.0,1.0,0.5,0.7319786344402155,0.8427627020801046
720,200,10,0.01,0.7,0.7,1.0,0.5,0.7438679641613904,0.8428997192290085
721,200,3,0.3,1.0,1.0,1.0,0.0,0.8026013593925129,0.8522840317929303
722,200,3,0.3,1.0,1.0,0.5,0.5,0.8014385271058836,0.8523708135763737
723,200,3,0.3,0.7,1.0,1.0,0.0,0.8010679849777659,0.8530647002867775
724,200,3,0.3,1.0,1.0,1.0,0.5,0.8035221741641032,0.8533451032887922
725,500,3,0.1,0.7,1.0,1.0,0.0,0.8102431226619152,0.8542194908369863
726,500,3,0.1,0.7,1.0,1.0,0.5,0.811275300594218,0.8542846823158106
727,200,3,0.3,1.0,0.7,0.5,0.0,0.806444620468439,0.8545594562955475
728,200,3,0.3,0.7,1.0,1.0,0.5,0.8026944745425115,0.8548659656944821
729,500,3,0.1,0.7,1.0,0.5,0.5,0.8101728424849638,0.8551489984777365
730,200,3,0.3,1.0,0.7,1.0,0.5,0.8066799898570287,0.855177336936244
731,200,3,0.3,1.0,0.7,0.5,0.5,0.8073337200531269,0.85519749292445
732,500,3,0.1,0.7,1.0,0.5,0.0,0.8101148599040764,0.8553446591759157
733,200,3,0.3,0.7,1.0,0.5,0.5,0.8032646499605244,0.8553821167249847
734,200,3,0.3,1.0,0.7,1.0,0.0,0.8084177902102915,0.8561611071136287
735,200,3,0.3,0.7,1.0,0.5,0.0,0.8017379195522734,0.8562492821009589
736,200,3,0.3,1.0,1.0,0.5,0.0,0.8029518577009606,0.8565894741576118
737,500,3,0.1,0.7,0.7,0.5,0.0,0.813972050448111,0.8573702775110621
738,500,3,0.1,0.7,0.7,1.0,0.5,0.8151059606986497,0.8575347333651376
739,500,3,0.1,0.7,0.7,1.0,0.0,0.8145119695386707,0.8575363977110362
740,200,3,0.3,0.7,0.7,1.0,0.5,0.8079710930830813,0.8578365821758436
741,500,3,0.1,0.7,0.7,0.5,0.5,0.8153739654249204,0.8582823165490482
742,200,3,0.3,0.7,0.7,0.5,0.5,0.8069676894410504,0.8584582139230433
743,500,3,0.1,1.0,1.0,1.0,0.5,0.8172376541677033,0.8586406103118017
744,200,3,0.3,0.7,0.7,0.5,0.0,0.8064902827433498,0.8587846761777607
745,500,3,0.1,1.0,1.0,0.5,0.0,0.816787964670173,0.8590669495898624
746,500,3,0.1,1.0,1.0,1.0,0.0,0.8175450586912284,0.8596212739356337
747,500,3,0.1,1.0,1.0,0.5,0.5,0.8171607358599554,0.8597286242265108
748,200,3,0.3,0.7,0.7,1.0,0.0,0.809235049384316,0.8609772350584349
749,500,3,0.1,1.0,0.7,1.0,0.5,0.8207602486989528,0.861183093746689
750,500,3,0.1,1.0,0.7,0.5,0.0,0.8207539205633807,0.8613459152570386
751,200,5,0.05,0.7,1.0,1.0,0.0,0.8172674611709886,0.8614527771215912
752,200,5,0.05,0.7,1.0,0.5,0.0,0.8166194838063114,0.861501222103048
753,500,3,0.1,1.0,0.7,0.5,0.5,0.8215333809678773,0.8618039037539269
754,500,3,0.1,1.0,0.7,1.0,0.0,0.8209652317625683,0.8619032021831856
755,200,5,0.05,0.7,1.0,0.5,0.5,0.8174353451583661,0.8620286792936348
756,200,5,0.05,0.7,1.0,1.0,0.5,0.8191411673876737,0.8621297774080091
757,200,9,0.01,1.0,0.7,0.5,0.0,0.7829623731802302,0.8627927517318914
758,200,5,0.05,0.7,0.7,0.5,0.0,0.8196664175342186,0.8632240178508542
759,200,5,0.05,0.7,0.7,1.0,0.5,0.821276316631771,0.8635474606302297
760,200,9,0.01,0.7,1.0,0.5,0.0,0.7846968143817092,0.8637349931688733
761,200,5,0.05,0.7,0.7,0.5,0.5,0.8204842359228756,0.8640813060149996
762,200,5,0.05,0.7,0.7,1.0,0.0,0.8209132825298308,0.8641235803966442
763,200,9,0.01,1.0,0.7,1.0,0.0,0.7865060087332794,0.8643529482412589
764,200,9,0.01,1.0,0.7,0.5,0.5,0.786736236917406,0.8646334509569313
765,200,9,0.01,0.7,1.0,0.5,0.5,0.7880498550891452,0.8648970426055063
766,200,9,0.01,0.7,1.0,1.0,0.0,0.7882066804328572,0.8651040356701653
767,200,9,0.01,1.0,1.0,0.5,0.0,0.7821523943340204,0.8653349529500458
768,200,9,0.01,0.7,0.7,0.5,0.0,0.7901020584750423,0.865592790183016
769,200,9,0.01,1.0,0.7,1.0,0.5,0.789505068398447,0.8657843994702832
770,200,5,0.05,1.0,0.7,0.5,0.0,0.8252626821064566,0.8662029862334398
771,200,5,0.05,1.0,1.0,1.0,0.0,0.8250160596096897,0.8662863261294103
772,200,9,0.01,0.7,1.0,1.0,0.5,0.7911372183304589,0.8663388097525812
773,200,5,0.05,1.0,1.0,0.5,0.5,0.8245623624443883,0.8664070861184168
774,200,9,0.01,1.0,1.0,0.5,0.5,0.7851286845679422,0.8664456237445701
775,200,5,0.05,1.0,1.0,0.5,0.0,0.8245862359667007,0.866497952117863
776,200,9,0.01,1.0,1.0,1.0,0.0,0.7854530137789731,0.8667138652056235
777,200,9,0.01,0.7,0.7,1.0,0.0,0.7933531671019041,0.8668533473935026
778,200,9,0.01,0.7,0.7,0.5,0.5,0.7936922712202424,0.8669483809031497
779,200,5,0.05,1.0,0.7,1.0,0.0,0.8266723281078956,0.8670746601173001
780,200,9,0.01,1.0,1.0,1.0,0.5,0.7878388373150903,0.8672023337590012
781,200,5,0.05,1.0,0.7,1.0,0.5,0.8275082178563372,0.8672331988520181
782,200,5,0.05,1.0,1.0,1.0,0.5,0.8257230670632894,0.8673456095248427
783,200,5,0.05,1.0,0.7,0.5,0.5,0.8270509596463984,0.8674236204591724
784,200,9,0.01,0.7,0.7,1.0,0.5,0.7965405091213432,0.8680667910858869
785,500,6,0.01,0.7,1.0,0.5,0.0,0.8247721299224644,0.8695410912814844
786,500,6,0.01,0.7,1.0,0.5,0.5,0.8255146924226267,0.8699764486002914
787,500,6,0.01,0.7,1.0,1.0,0.0,0.8261269386689949,0.8702477672934081
788,500,6,0.01,0.7,1.0,1.0,0.5,0.82677215787671,0.8702866507134858
789,500,6,0.01,0.7,0.7,0.5,0.0,0.8289812183685525,0.8718393801746357
790,500,6,0.01,0.7,0.7,0.5,0.5,0.8298026984640583,0.872120675240203
791,500,6,0.01,0.7,0.7,1.0,0.0,0.8302078686397216,0.872353413056028
792,500,6,0.01,0.7,0.7,1.0,0.5,0.8308472062766913,0.8724080661937883
793,500,6,0.01,1.0,0.7,0.5,0.0,0.8302243401201466,0.8727656394005263
794,200,3,0.2,0.7,1.0,0.5,0.0,0.8354083077591142,0.8727845701413274
795,500,6,0.01,1.0,1.0,0.5,0.0,0.828375622832102,0.8729073335171584
796,200,3,0.2,1.0,1.0,1.0,0.0,0.8374526585978712,0.8730009086507506
797,200,3,0.2,0.7,1.0,0.5,0.5,0.8355510341701494,0.8731267072842951
798,500,6,0.01,1.0,0.7,0.5,0.5,0.8311648515151359,0.8731441271873271
799,200,3,0.2,0.7,1.0,1.0,0.0,0.8363610895269409,0.8732429556408803
800,500,6,0.01,1.0,1.0,1.0,0.0,0.829201781428437,0.8732467701950992
801,500,6,0.01,1.0,1.0,0.5,0.5,0.8295425039212991,0.8735610090031697
802,500,6,0.01,1.0,1.0,1.0,0.5,0.830166587524277,0.8736136191664428
803,500,6,0.01,1.0,0.7,1.0,0.5,0.8318776113446835,0.8736560243545459
804,500,6,0.01,1.0,0.7,1.0,0.0,0.8316514620347436,0.8737992944055264
805,200,3,0.2,0.7,1.0,1.0,0.5,0.8380320290464057,0.874493585751195
806,200,3,0.2,1.0,1.0,1.0,0.5,0.8388537055251953,0.8746600389606425
807,200,3,0.2,1.0,1.0,0.5,0.5,0.8393221893557022,0.8746801557291218
808,200,3,0.2,1.0,1.0,0.5,0.0,0.8388513740762776,0.875077277709563
809,200,3,0.2,0.7,0.7,1.0,0.0,0.8384589026846788,0.8751767605081744
810,200,3,0.2,0.7,0.7,0.5,0.5,0.8398905292922565,0.8757024751320137
811,200,3,0.2,0.7,0.7,1.0,0.5,0.8411218537605569,0.8758255125746214
812,200,3,0.2,1.0,0.7,0.5,0.5,0.8412914315002821,0.876302415436284
813,200,3,0.2,1.0,0.7,1.0,0.5,0.8413129207048571,0.8767516255218094
814,200,3,0.2,0.7,0.7,0.5,0.0,0.8401082136792308,0.8771062301862104
815,200,3,0.2,1.0,0.7,0.5,0.0,0.8410455149926297,0.8771606559869095
816,200,3,0.2,1.0,0.7,1.0,0.0,0.841787820263881,0.8782357954542593
817,500,3,0.05,0.7,1.0,1.0,0.0,0.8754596387421957,0.8998771500318374
818,500,3,0.05,0.7,1.0,0.5,0.5,0.8756353165409941,0.9002213769892708
819,500,3,0.05,0.7,1.0,0.5,0.0,0.8755990452473578,0.9003391233628011
820,500,3,0.05,0.7,1.0,1.0,0.5,0.8762914912374702,0.9003720173346292
821,500,3,0.05,0.7,0.7,1.0,0.5,0.8793714626986886,0.9034311149419463
822,500,3,0.05,0.7,0.7,0.5,0.5,0.879643803958529,0.9037940002412843
823,500,3,0.05,0.7,0.7,0.5,0.0,0.8796471187824414,0.90401065997036
824,500,3,0.05,0.7,0.7,1.0,0.0,0.8802301349967849,0.9044115776368891
825,500,3,0.05,1.0,1.0,1.0,0.0,0.8820964702329115,0.9054830136284682
826,500,3,0.05,1.0,1.0,0.5,0.5,0.8825517567418408,0.9057175321619578
827,500,3,0.05,1.0,1.0,1.0,0.5,0.8824891929200278,0.9059978524452192
828,500,3,0.05,1.0,1.0,0.5,0.0,0.8827273541853702,0.9065460691253034
829,500,3,0.05,1.0,0.7,1.0,0.5,0.8853136932409319,0.9079102315860653
830,500,3,0.05,1.0,0.7,0.5,0.5,0.8855930513477742,0.9080167041626838
831,500,3,0.05,1.0,0.7,0.5,0.0,0.8856412648704303,0.9080504186598873
832,500,3,0.05,1.0,0.7,1.0,0.0,0.8868877230086477,0.9092854187756532
833,500,5,0.01,0.7,1.0,0.5,0.0,0.8893623787858529,0.9143606150246938
834,500,5,0.01,0.7,1.0,1.0,0.0,0.8899693128790108,0.9146551247822629
835,500,5,0.01,0.7,1.0,1.0,0.5,0.8903083819829397,0.9146934121100619
836,500,5,0.01,0.7,1.0,0.5,0.5,0.8901936388726485,0.9147624478127582
837,500,5,0.01,1.0,1.0,0.5,0.0,0.8924463200944879,0.9168663022910102
838,500,5,0.01,1.0,1.0,1.0,0.5,0.8930145075593446,0.9171409933577465
839,500,5,0.01,0.7,0.7,0.5,0.0,0.8931678134247366,0.9171903234583858
840,200,3,0.1,0.7,1.0,1.0,0.0,0.8962046757617468,0.9172313927411164
841,200,3,0.1,0.7,1.0,1.0,0.5,0.8967405402641523,0.9174289711663856
842,500,5,0.01,1.0,1.0,0.5,0.5,0.8929482139466803,0.9175017187663024
843,500,5,0.01,1.0,0.7,1.0,0.0,0.8940712860468114,0.917570301815437
844,500,5,0.01,1.0,1.0,1.0,0.0,0.8931072737814196,0.9176194769394904
845,500,5,0.01,0.7,0.7,0.5,0.5,0.8939970089287931,0.9176450311663534
846,200,3,0.1,0.7,1.0,0.5,0.5,0.896353588393459,0.9177621256597278
847,200,3,0.1,0.7,1.0,0.5,0.0,0.896368040909615,0.9177728679573813
848,500,5,0.01,1.0,0.7,0.5,0.5,0.8943427426963663,0.9178246218062414
849,500,5,0.01,0.7,0.7,1.0,0.0,0.8941886517391113,0.9179162412487127
850,500,5,0.01,0.7,0.7,1.0,0.5,0.8944253819119022,0.9179568735638326
851,500,5,0.01,1.0,0.7,0.5,0.0,0.8943929759073239,0.9180885738941948
852,500,5,0.01,1.0,0.7,1.0,0.5,0.8952256754610737,0.9185627480779168
853,200,3,0.1,0.7,0.7,0.5,0.0,0.8992050843918948,0.919788869523051
854,200,3,0.1,0.7,0.7,0.5,0.5,0.8994533630379647,0.9199292569945725
855,200,3,0.1,0.7,0.7,1.0,0.0,0.8998170196215785,0.9201033716243254
856,200,3,0.1,1.0,1.0,0.5,0.0,0.9003902765934051,0.9207609659924093
857,200,3,0.1,0.7,0.7,1.0,0.5,0.9006698665304468,0.9207997484160418
858,200,3,0.1,1.0,1.0,1.0,0.5,0.9010143857793311,0.9211705277774703
859,200,3,0.1,1.0,1.0,1.0,0.0,0.9016416656576233,0.9220300146871379
860,200,3,0.1,1.0,1.0,0.5,0.5,0.9020675477245949,0.9224919887940636
861,200,3,0.1,1.0,0.7,1.0,0.0,0.9036927630137787,0.9231277071289977
862,200,3,0.1,1.0,0.7,0.5,0.5,0.9045532452981276,0.9234411718539939
863,200,3,0.1,1.0,0.7,1.0,0.5,0.9044970735280606,0.9236443319296866
864,200,3,0.1,1.0,0.7,0.5,0.0,0.9044832810822704,0.9237775926355682
865,200,7,0.01,0.7,1.0,0.5,0.0,0.8921939455706235,0.9264840934905314
866,200,7,0.01,0.7,1.0,1.0,0.0,0.8931774561008492,0.9268245945888042
867,200,7,0.01,0.7,1.0,0.5,0.5,0.8933045789300063,0.9269126068573692
868,200,7,0.01,0.7,1.0,1.0,0.5,0.8942979325109078,0.9274711165915015
869,200,7,0.01,1.0,1.0,0.5,0.0,0.8925472377639905,0.9278800318539457
870,200,7,0.01,1.0,0.7,0.5,0.0,0.89476331827006,0.9278867220657285
871,200,7,0.01,0.7,0.7,0.5,0.0,0.8957311911986107,0.9280884185833458
872,200,7,0.01,1.0,1.0,0.5,0.5,0.8934184549935585,0.9283306098524922
873,200,7,0.01,1.0,0.7,1.0,0.0,0.8957492086575082,0.9283490419065272
874,200,7,0.01,1.0,1.0,1.0,0.0,0.893590485307334,0.9284015778380215
875,200,7,0.01,1.0,0.7,0.5,0.5,0.8958959168952989,0.9285729856475846
876,200,7,0.01,0.7,0.7,1.0,0.0,0.8968466416296852,0.9286406551699393
877,200,7,0.01,0.7,0.7,0.5,0.5,0.8968972592575399,0.9286841206592067
878,200,7,0.01,1.0,1.0,1.0,0.5,0.8946278186494806,0.9289238313378323
879,200,7,0.01,1.0,0.7,1.0,0.5,0.8967200901064034,0.9290352993636353
880,200,7,0.01,0.7,0.7,1.0,0.5,0.8980391867795314,0.9293258426381157
881,200,6,0.01,0.7,1.0,0.5,0.0,0.9416575044067406,0.9621172014184652
882,200,6,0.01,0.7,1.0,0.5,0.5,0.9423375293507996,0.9625897342365223
883,200,6,0.01,0.7,1.0,1.0,0.0,0.9423711898372412,0.962646166203411
884,200,6,0.01,0.7,1.0,1.0,0.5,0.9430565029011148,0.9630628835046778
885,200,6,0.01,1.0,1.0,0.5,0.0,0.9427255710764676,0.9637343561636141
886,200,6,0.01,1.0,1.0,0.5,0.5,0.9431185431225952,0.9638628979614207
887,200,6,0.01,1.0,1.0,1.0,0.0,0.9432811608144523,0.9641010082102873
888,200,6,0.01,1.0,1.0,1.0,0.5,0.9436487230325017,0.9642652289650916
889,200,6,0.01,0.7,0.7,0.5,0.0,0.945018251631049,0.9642983201237352
890,200,6,0.01,0.7,0.7,1.0,0.0,0.9456003142800863,0.9646356450303808
891,200,6,0.01,0.7,0.7,0.5,0.5,0.9457656099764798,0.9648741424673304
892,200,6,0.01,1.0,0.7,0.5,0.0,0.9452533835776575,0.9648852178225553
893,200,6,0.01,1.0,0.7,1.0,0.0,0.9457610114615127,0.9651624719711782
894,200,6,0.01,0.7,0.7,1.0,0.5,0.9463621598324949,0.9652048376659836
895,200,6,0.01,1.0,0.7,0.5,0.5,0.9459853441602553,0.96533060759593
896,200,6,0.01,1.0,0.7,1.0,0.5,0.9461748090210045,0.9656357102852593
897,200,3,0.05,0.7,1.0,0.5,0.0,0.9553676543399805,0.9672406389869793
898,200,3,0.05,0.7,1.0,0.5,0.5,0.9558025097154408,0.9678760481445706
899,200,3,0.05,0.7,1.0,1.0,0.5,0.956734991475419,0.968489288190736
900,200,3,0.05,0.7,1.0,1.0,0.0,0.9565793582750971,0.9686897919137223
901,200,3,0.05,0.7,0.7,1.0,0.5,0.9581535009200911,0.9698731655823717
902,200,3,0.05,0.7,0.7,0.5,0.5,0.9588144257511679,0.970508775852649
903,200,3,0.05,0.7,0.7,0.5,0.0,0.9591062586794341,0.9707618858192242
904,200,3,0.05,0.7,0.7,1.0,0.0,0.9593735679700872,0.971083033778633
905,200,3,0.05,1.0,1.0,1.0,0.0,0.9614204347382835,0.9731368384317732
906,200,3,0.05,1.0,1.0,0.5,0.0,0.9618803179959704,0.9736958271141241
907,200,3,0.05,1.0,0.7,0.5,0.5,0.9629866653565217,0.9739318615661341
908,200,3,0.05,1.0,1.0,0.5,0.5,0.9622501475970667,0.9739526099463935
909,200,3,0.05,1.0,0.7,0.5,0.0,0.9628533791611065,0.9739707292263199
910,200,3,0.05,1.0,1.0,1.0,0.5,0.9627966403745072,0.9743765418045126
911,200,3,0.05,1.0,0.7,1.0,0.5,0.9632042541167817,0.9744220493494029
912,200,3,0.05,1.0,0.7,1.0,0.0,0.9635324546663508,0.9745543019826673
913,200,5,0.01,0.7,1.0,0.5,0.0,0.9904430412040532,1.001409942650212
914,200,5,0.01,0.7,1.0,1.0,0.5,0.9909744783224596,1.0016898573839046
915,200,5,0.01,0.7,1.0,1.0,0.0,0.9907913589853393,1.001692795341918
916,200,5,0.01,0.7,1.0,0.5,0.5,0.9908692546314715,1.0017390465590323
917,200,5,0.01,1.0,1.0,0.5,0.0,0.9917418442860083,1.0025100145309462
918,200,5,0.01,1.0,1.0,0.5,0.5,0.9919130120635956,1.0027084044885328
919,200,5,0.01,1.0,1.0,1.0,0.0,0.991930962941206,1.0027577806639056
920,200,5,0.01,1.0,1.0,1.0,0.5,0.992223961734415,1.0030109772428994
921,200,5,0.01,0.7,0.7,0.5,0.0,0.9940757547228891,1.004746077062819
922,200,5,0.01,1.0,0.7,0.5,0.5,0.9943790275491733,1.0047930912284
923,200,5,0.01,1.0,0.7,1.0,0.0,0.9944495601132989,1.004901448627745
924,200,5,0.01,0.7,0.7,0.5,0.5,0.994472831176626,1.0050661568524726
925,200,5,0.01,1.0,0.7,0.5,0.0,0.9945164708505662,1.0051151431188614
926,200,5,0.01,0.7,0.7,1.0,0.0,0.9945464815426793,1.0051546510509977
927,200,5,0.01,1.0,0.7,1.0,0.5,0.9947884835809603,1.0052414202400681
928,200,5,0.01,0.7,0.7,1.0,0.5,0.9947004179880441,1.0053189914760359
929,500,3,0.01,0.7,1.0,0.5,0.0,1.01067954111302,1.0177629725214181
930,500,3,0.01,0.7,1.0,1.0,0.0,1.0109826170796818,1.0181103719292295
931,500,3,0.01,0.7,1.0,1.0,0.5,1.011006476842532,1.0181392090046564
932,500,3,0.01,0.7,1.0,0.5,0.5,1.0110550472750914,1.0182223515487006
933,500,3,0.01,0.7,0.7,0.5,0.0,1.0125521945341422,1.0193045184163614
934,500,3,0.01,0.7,0.7,1.0,0.0,1.0126642812349673,1.019400038188235
935,500,3,0.01,0.7,0.7,0.5,0.5,1.0127034943001312,1.0194280481764768
936,500,3,0.01,0.7,0.7,1.0,0.5,1.0127529451256965,1.0194353090037984
937,500,3,0.01,1.0,1.0,1.0,0.0,1.0127291961271592,1.0197501424828779
938,500,3,0.01,1.0,1.0,0.5,0.0,1.0127401967569314,1.0198075513215001
939,500,3,0.01,1.0,1.0,1.0,0.5,1.0128989121141438,1.0198845572466835
940,500,3,0.01,1.0,1.0,0.5,0.5,1.0129140122491327,1.0199392682495996
941,500,3,0.01,1.0,0.7,0.5,0.5,1.0146183796911044,1.021575710801274
942,500,3,0.01,1.0,0.7,0.5,0.0,1.01484452302863,1.0216156722540422
943,500,3,0.01,1.0,0.7,1.0,0.0,1.0148118875164118,1.021833302803167
944,500,3,0.01,1.0,0.7,1.0,0.5,1.0149568245497351,1.02191677814035
945,200,3,0.01,0.7,1.0,0.5,0.0,1.0966088559745744,1.0998758612714292
946,200,3,0.01,0.7,1.0,1.0,0.5,1.096691697557781,1.09992512796627
947,200,3,0.01,0.7,1.0,1.0,0.0,1.0967790831803526,1.100061858646692
948,200,3,0.01,0.7,1.0,0.5,0.5,1.0967683025869441,1.1000795033742692
949,200,3,0.01,1.0,1.0,0.5,0.5,1.0973430359998027,1.1005850998704836
950,200,3,0.01,1.0,1.0,1.0,0.5,1.0973513501854693,1.1005997452684921
951,200,3,0.01,1.0,1.0,1.0,0.0,1.0973430146399803,1.1006129333728882
952,200,3,0.01,1.0,1.0,0.5,0.0,1.097463397144972,1.1007395915847489
953,200,3,0.01,0.7,0.7,0.5,0.0,1.0987401383548905,1.101861360209335
954,200,3,0.01,0.7,0.7,1.0,0.0,1.0988992343984845,1.102040727656237
955,200,3,0.01,0.7,0.7,1.0,0.5,1.0989290654992496,1.102074074472885
956,200,3,0.01,0.7,0.7,0.5,0.5,1.0989639796688035,1.1020971144745864
957,200,3,0.01,1.0,0.7,1.0,0.0,1.0998044592230103,1.1029847629622744
958,200,3,0.01,1.0,0.7,1.0,0.5,1.10000473931931,1.1031392912479496
959,200,3,0.01,1.0,0.7,0.5,0.0,1.0999620592310122,1.103146366835597
960,200,3,0.01,1.0,0.7,0.5,0.5,1.1000411040687523,1.103334027407752
