rank_test_score,param_ridge__alpha,param_nystroem__n_components,train_rmse,test_rmse
1,0.05,2400,0.24866403715947935,0.4972344186946358
2,0.05,2200,0.2613697693000689,0.50116407042416
3,0.1,2400,0.29293692379346714,0.503983082685365
4,0.1,2200,0.30252087561780766,0.5069075091153475
5,0.05,2000,0.2751508852955988,0.5073595924667715
6,0.05,1800,0.29150617959044406,0.5095408671110292
7,0.15000000000000002,2400,0.3212133171656533,0.5108352237493343
8,0.1,2000,0.3134714388551489,0.5131516726899983
9,0.15000000000000002,2200,0.3291617184797872,0.5133792605141932
10,0.05,1600,0.304398924303968,0.5147649910831762
11,0.1,1800,0.3261001320927288,0.5155999646480046
12,0.2,2400,0.3421743779208734,0.5170671654037706
13,0.15000000000000002,2000,0.3385863389091246,0.5193830015194693
14,0.2,2200,0.34906462907502506,0.5193903349549389
15,0.1,1600,0.3362391922909238,0.5197471569350544
16,0.15000000000000002,1800,0.3492663235141976,0.522019189820297
17,0.25,2400,0.35888450240728803,0.522678253664039
18,0.05,1400,0.3238498485013569,0.5238767411988563
19,0.25,2200,0.3650154225840431,0.5248437675958718
20,0.2,2000,0.3574613443793759,0.525091707775744
21,0.15000000000000002,1600,0.35789212289161204,0.5255606882795392
22,0.1,1400,0.3520387388415989,0.5273166512371741
23,0.3,2400,0.3728023902022488,0.5277537229010398
24,0.2,1800,0.36687874873783843,0.5278539104993889
25,0.3,2200,0.3783533502173646,0.5297941450534047
26,0.25,2000,0.3726452063642322,0.5302402752208606
27,0.2,1600,0.37449383812595904,0.5309756817972011
28,0.15000000000000002,1400,0.37169102787561104,0.5321557945159525
29,0.35000000000000003,2400,0.3847407133970951,0.5323781102063656
30,0.25,1800,0.381153111721562,0.5330860286387835
31,0.35000000000000003,2200,0.389829775435664,0.5343134482507546
32,0.3,2000,0.38537680183562223,0.534901978322764
33,0.05,1200,0.34647619909260313,0.5357152872417805
34,0.25,1600,0.38802924027666597,0.5358911158845077
35,0.4,2400,0.3951998357635382,0.5366220550139869
36,0.2,1400,0.38694736978065575,0.5368820268786134
37,0.3,1800,0.3931860540121618,0.537801353890909
38,0.1,1200,0.370594320772248,0.5384126795580219
39,0.4,2200,0.3999097761286377,0.5384661561060962
40,0.35000000000000003,2000,0.3963557482286496,0.539154252417604
41,0.3,1600,0.39949154980181045,0.5403563697830199
42,0.45,2400,0.4045101855371664,0.5405425222630288
43,0.25,1400,0.39948063365483066,0.5412717729607505
44,0.35000000000000003,1800,0.4036046046005011,0.5420855917106499
45,0.45,2200,0.4089017821516526,0.5423057645308362
46,0.15000000000000002,1200,0.38790441940599724,0.5424862598434341
47,0.4,2000,0.40601690108086425,0.5430621916481703
48,0.05,1000,0.3690369562056688,0.5441638648194225
49,0.5,2400,0.41290164919708233,0.5441853055106959
50,0.35000000000000003,1600,0.4094525990274111,0.5444372045813204
51,0.3,1400,0.4101499364087581,0.5453156818884756
52,0.1,1000,0.38925579372350166,0.5457315234956407
53,0.5,2200,0.4170211292856901,0.5458758938015126
54,0.4,1800,0.41280209641477533,0.5460095047050536
55,0.2,1200,0.40154219674696967,0.5465401291339087
56,0.45,2000,0.4146494596930607,0.5466780973707104
57,0.55,2400,0.4205407674785318,0.547587470465619
58,0.4,1600,0.4182729741934631,0.5481920505360298
59,0.15000000000000002,1000,0.40431053785131077,0.5489594751312552
60,0.35000000000000003,1400,0.41945818752305564,0.5490475077031489
61,0.55,2200,0.42442428371062835,0.5492121320380964
62,0.45,1800,0.421041987603621,0.5496294051083679
63,0.5,2000,0.42245574145311915,0.5500437845257381
64,0.25,1200,0.4128535058883632,0.5503486840213707
65,0.6000000000000001,2400,0.4275521580465537,0.5507793175334832
66,0.45,1600,0.4261952536222796,0.5516690116630308
67,0.6000000000000001,2200,0.43122862902082465,0.5523437108083186
68,0.2,1000,0.4164011226287271,0.5523875502701115
69,0.4,1400,0.4277261437164847,0.5525064191893827
70,0.5,1800,0.4285096492682955,0.5529900188789006
71,0.55,2000,0.4295829796529601,0.5531929200678658
72,0.05,800,0.39974425326905616,0.5537648159585781
73,0.6500000000000001,2400,0.4340315709862766,0.5537858786096148
74,0.3,1200,0.4225505554692257,0.5538877070471535
75,0.5,1600,0.433390771862675,0.5549070763498974
76,0.6500000000000001,2200,0.43752456412857,0.5552948519133988
77,0.1,800,0.41552676403814404,0.5553715928454077
78,0.25,1000,0.426552555605144,0.555715648876915
79,0.45,1400,0.4351713707280103,0.5557280325184774
80,0.55,1800,0.43534062427498155,0.5561271694054483
81,0.6000000000000001,2000,0.4361417691170194,0.5561529011373765
82,0.7000000000000001,2400,0.44005421781458653,0.5566280447943793
83,0.35000000000000003,1200,0.4310577535584604,0.5571770029757893
84,0.55,1600,0.4399852423358852,0.557937913075002
85,0.7000000000000001,2200,0.44338324305185817,0.5580858104746969
86,0.15000000000000002,800,0.42774785456634634,0.5584140164712117
87,0.5,1400,0.4419484895919952,0.5587427677175617
88,0.3,1000,0.4353310515285147,0.5588729890308018
89,0.6500000000000001,2000,0.4422173716112535,0.5589462772960966
90,0.6000000000000001,1800,0.4416371348631184,0.5590698782004919
91,0.7500000000000001,2400,0.4456802905594254,0.5593234178734025
92,0.4,1200,0.4386490218735376,0.5602444893187042
93,0.7500000000000001,2200,0.4488617162205696,0.560733675433096
94,0.6000000000000001,1600,0.44607377522063485,0.5607874516778751
95,0.55,1400,0.44817149611615203,0.5615761502489757
96,0.7000000000000001,2000,0.4478769617991414,0.5615918128217713
97,0.2,800,0.4378030489538756,0.5616284128669331
98,0.6500000000000001,1800,0.4474782594046677,0.5618419354185097
99,0.35000000000000003,1000,0.44308319116308603,0.5618504018908955
100,0.8,2400,0.45095873778957096,0.5618869583257724
101,0.45,1200,0.44551176300783957,0.5631169709163293
102,0.8,2200,0.4540064557872461,0.5632529850649325
103,0.6500000000000001,1600,0.45173016269765676,0.563477130932494
104,0.7500000000000001,2000,0.45317444715297933,0.564105281967375
105,0.6000000000000001,1400,0.4539269656143743,0.5642495502820601
106,0.8500000000000001,2400,0.45592991981329095,0.564331483501821
107,0.7000000000000001,1800,0.45292648739309405,0.5644630637623334
108,0.4,1000,0.4500368721152557,0.5646571103962721
109,0.25,800,0.4463923386798003,0.5647432930107572
110,0.05,600,0.44490829335487464,0.5651408842567639
111,0.8500000000000001,2200,0.45885583945102326,0.56565620342886
112,0.5,1200,0.4517800485618189,0.5658179674774527
113,0.7000000000000001,1600,0.4570128753698293,0.5660248523149792
114,0.8,2000,0.4581537764245916,0.566500069436478
115,0.9000000000000001,2400,0.46062752055586254,0.5666680547655502
116,0.1,600,0.4552842068119265,0.5667115599145184
117,0.6500000000000001,1400,0.4592822779012711,0.5667809263498598
118,0.7500000000000001,1800,0.4580320984356281,0.5669497850412155
119,0.45,1000,0.4563501903935742,0.5673073874269431
120,0.3,800,0.453917830163913,0.5676936958193592
121,0.9000000000000001,2200,0.4634419421734508,0.5679540923679655
122,0.55,1200,0.45755325805445346,0.5683675523283143
123,0.7500000000000001,1600,0.46196907784211877,0.5684457049002749
124,0.8500000000000001,2000,0.46285127267784093,0.5687876287828922
125,0.9500000000000001,2400,0.4650799530774654,0.568906281587302
126,0.7000000000000001,1400,0.46429096098952843,0.569185462182575
127,0.8,1800,0.4628361793446215,0.569316071701217
128,0.15000000000000002,600,0.4640133045478971,0.5693263455049492
129,0.5,1000,0.4621374871613831,0.5698160585005256
130,0.9500000000000001,2200,0.4677918555495452,0.5701560046836546
131,0.35000000000000003,800,0.4606325531976613,0.5704718053635969
132,0.8,1600,0.4666374017727143,0.5707525186342096
133,0.6000000000000001,1200,0.46290721005533353,0.5707827378756425
134,0.9000000000000001,2000,0.4672973174119047,0.5709778364474696
135,1.0,2400,0.4693114119391102,0.5710545628718822
136,0.7500000000000001,1400,0.46899628728843623,0.5714760838418785
137,0.8500000000000001,1800,0.46737275875668394,0.571573842433434
138,0.2,600,0.47155026386673254,0.5721154856327246
139,0.55,1000,0.4674842666205589,0.5721969819507035
140,1.0,2200,0.47192867719188564,0.5722701173577089
141,0.8500000000000001,1600,0.47104991212965025,0.5729562901603829
142,0.6500000000000001,1200,0.4679011460000914,0.5730779580714344
143,0.9500000000000001,2000,0.4715175914471017,0.5730792683595879
144,0.4,800,0.4667065552901781,0.5730871216412048
145,0.8,1400,0.47343376729653297,0.573663871960369
146,0.9000000000000001,1800,0.47167035259474505,0.5737333437493785
147,0.6000000000000001,1000,0.47245624079938126,0.5744626102062408
148,0.25,600,0.47819452807857044,0.5748573020766758
149,0.9000000000000001,1600,0.47523353375596644,0.5750665138357596
150,1.0,2000,0.47553400594716905,0.5750994184367443
151,0.7000000000000001,1200,0.472582293867816,0.5752655134091677
152,0.45,800,0.4722599491571586,0.5755538745524662
153,0.8500000000000001,1400,0.47763292393533113,0.5757583889494208
154,0.9500000000000001,1800,0.47575310582482233,0.5758034472431467
155,0.6500000000000001,1000,0.47710507363651533,0.5766239544866966
156,0.9500000000000001,1600,0.47921110742832024,0.5770914417204093
157,0.7500000000000001,1200,0.4769889541353581,0.5773559463332272
158,0.3,600,0.4841460385591257,0.5774855560661061
159,0.9000000000000001,1400,0.48161858369023164,0.5777679392756682
160,1.0,1800,0.479641651176447,0.5777918837798388
161,0.5,800,0.47738094907657086,0.5778867205017687
162,0.7000000000000001,1000,0.48147217235022194,0.5786906941737343
163,1.0,1600,0.4830021856821456,0.5790382898682995
164,0.8,1200,0.48115264831407867,0.579358347712885
165,0.9500000000000001,1400,0.485411834855603,0.5796997775798566
166,0.35000000000000003,600,0.48954380881791587,0.5799836700376847
167,0.55,800,0.48213640387044737,0.5800992832657713
168,0.7500000000000001,1000,0.4855912729944406,0.5806713285236501
169,0.8500000000000001,1200,0.4850996530543958,0.5812806042009067
170,1.0,1400,0.48903075124627526,0.5815602761948971
171,0.6000000000000001,800,0.486578289586483,0.5822037414426866
172,0.4,600,0.4944882089813774,0.5823528491939088
173,0.8,1000,0.48949025381598377,0.5825733303109271
174,0.9000000000000001,1200,0.4888521199378351,0.5831295975089106
175,0.6500000000000001,800,0.49074789278004427,0.5842108087926823
176,0.8500000000000001,1000,0.49319243834789434,0.5844032864414379
177,0.45,600,0.4990540827424491,0.5846007119547011
178,0.9500000000000001,1200,0.4924289088703015,0.5849113653837464
179,0.7000000000000001,800,0.49467860733709584,0.5861298547666227
180,0.9000000000000001,1000,0.4967175519870854,0.5861670211787806
181,1.0,1200,0.49584621910278254,0.5866312322911759
182,0.5,600,0.5032987754994227,0.5867368455174581
183,0.9500000000000001,1000,0.5000824375349459,0.5878697019633318
184,0.7500000000000001,800,0.4983978639423423,0.5879690645682852
185,0.55,600,0.5072672436561663,0.5887709995470953
186,1.0,1000,0.5033015994630757,0.5895159294368445
187,0.8,800,0.5019284975652315,0.5897355989973654
188,0.6000000000000001,600,0.5109954235754673,0.5907123655281182
189,0.8500000000000001,800,0.5052897396272923,0.591435739536954
190,0.6500000000000001,600,0.514512523751839,0.5925693237140052
191,0.9000000000000001,800,0.5084979528016021,0.5930750146838539
192,0.7000000000000001,600,0.5178426280111401,0.5943493946167928
193,0.9500000000000001,800,0.5115671851719478,0.5946583078075065
194,0.05,400,0.5037986888223048,0.5956752606716911
195,0.7500000000000001,600,0.5210058444283888,0.5960592778547291
196,1.0,800,0.5145095949593729,0.5961899484068537
197,0.1,400,0.5094837337534336,0.5962750143071797
198,0.8,600,0.5240191465756802,0.5977049247523208
199,0.15000000000000002,400,0.5146592280322013,0.5977100868395658
200,0.8500000000000001,600,0.5268970013509471,0.5992916200313134
201,0.2,400,0.5193530775205305,0.5993798301663134
202,0.9000000000000001,600,0.5296518455615288,0.6008240615135763
203,0.25,400,0.5236406553768694,0.6011034713070981
204,0.9500000000000001,600,0.5322944532423549,0.6023064332391201
205,0.3,400,0.5275889441846335,0.6028138054575367
206,1.0,600,0.5348342226562,0.6037424704992327
207,0.35000000000000003,400,0.5312514700883977,0.6044839528648891
208,0.4,400,0.5346704117294907,0.6061035851099995
209,0.45,400,0.5378792512993728,0.6076697493897836
210,0.5,400,0.5409049123600382,0.6091829093044648
211,0.55,400,0.5437693438860113,0.6106451032110122
212,0.6000000000000001,400,0.5464906744650988,0.6120590439739515
213,0.6500000000000001,400,0.5490840567815058,0.6134276662305009
214,0.7000000000000001,400,0.5515622926149432,0.6147538972259128
215,0.7500000000000001,400,0.5539363018522909,0.6160405434111899
216,0.8,400,0.5562154794852529,0.6172902383987584
217,0.8500000000000001,400,0.5584079711063861,0.6185054237872589
218,0.9000000000000001,400,0.5605208882733584,0.6196883475095116
219,0.9500000000000001,400,0.5625604788937809,0.6208410712684851
220,1.0,400,0.5645322635190826,0.6219654823685973
221,0.1,200,0.5990254438206818,0.6416905525370334
222,0.05,200,0.5977332424291394,0.6417416122467957
223,0.15000000000000002,200,0.6004649910090181,0.6419935667309066
224,0.2,200,0.6019456031100618,0.6424795832624686
225,0.25,200,0.6034237858816559,0.6430695775737006
226,0.3,200,0.6048804541143966,0.64372168919461
227,0.35000000000000003,200,0.6063072309088519,0.6444118040239228
228,0.4,200,0.6077007975622679,0.6451251792278978
229,0.45,200,0.6090603343656626,0.645852393181965
230,0.5,200,0.6103862797661359,0.6465872192467393
231,0.55,200,0.6116796979676988,0.6473254360768395
232,0.6000000000000001,200,0.6129419451078396,0.6480641268943982
233,0.6500000000000001,200,0.6141744892164147,0.6488012489444676
234,0.7000000000000001,200,0.6153788124457946,0.6495353594414484
235,0.7500000000000001,200,0.6165563586113053,0.6502654358350133
236,0.8,200,0.617708506209072,0.6509907548912407
237,0.8500000000000001,200,0.6188365559370357,0.6517108095425955
238,0.9000000000000001,200,0.6199417264943312,0.6524252506192465
239,0.9500000000000001,200,0.6210251550595169,0.6531338453423936
240,1.0,200,0.6220879003373001,0.6538364473342103
