rank_test_score,param_gbr__n_estimators,param_gbr__max_depth,param_gbr__learning_rate,param_gbr__max_features,param_gbr__subsample,train_rmse,test_rmse
1,500,10,0.05,0.25,1.0,0.20582958275745838,0.6363175705886417
2,200,10,0.05,0.25,1.0,0.27424270328724226,0.6375135323260904
3,500,10,0.05,0.5,1.0,0.2072952493526052,0.6377343694329156
4,500,7,0.1,0.25,1.0,0.26641464964375366,0.6382663570602789
5,500,7,0.1,0.5,1.0,0.2627935496053246,0.6386307381653478
6,200,10,0.05,0.5,1.0,0.2745058965251629,0.6391541899444428
7,500,10,0.05,0.25,0.75,0.2314560848108829,0.6414930423001862
8,500,10,0.05,log2,1.0,0.20852336737588534,0.6421329382576456
9,500,7,0.1,sqrt,1.0,0.2819591894918005,0.6421598805159469
10,200,10,0.1,0.25,1.0,0.21735879888128004,0.6426925011808703
11,500,10,0.05,0.5,0.75,0.2340170948581306,0.6427269408118083
12,500,7,0.05,0.5,0.75,0.3591530278167566,0.6427691760889884
13,200,10,0.05,0.5,0.75,0.2927027357186922,0.6428181026708821
14,500,7,0.05,0.5,1.0,0.36585138317980853,0.6430531423908248
15,200,10,0.1,0.5,1.0,0.21891386715424802,0.6447537358528791
16,100,10,0.1,0.25,1.0,0.2773976432677775,0.6449845516677238
17,500,7,0.05,sqrt,1.0,0.3886371136912613,0.6457317636149836
18,500,10,0.01,0.5,1.0,0.34445444349160304,0.6457535720786712
19,500,10,0.05,sqrt,0.75,0.23018345217104472,0.6470543518853928
20,200,10,0.05,log2,1.0,0.2980506905632404,0.6471284409657447
21,500,10,0.05,log2,0.75,0.23142964107953765,0.6476867554493073
22,500,10,0.1,0.25,1.0,0.19099719885031782,0.648129940780937
23,500,7,0.1,0.25,0.75,0.28677527517459994,0.6491056226890372
24,500,10,0.05,0.5,0.5,0.25784837835012203,0.6496483098210442
25,200,10,0.05,sqrt,0.75,0.30910579820246414,0.6497645313960385
26,500,10,0.1,0.5,1.0,0.19126921925323764,0.6497902741544238
27,200,10,0.1,log2,1.0,0.22443278169943479,0.6499235800008709
28,500,7,0.1,0.5,0.75,0.28524799808806756,0.6499542159477751
29,500,10,0.05,0.25,0.5,0.25485490591262694,0.649996116882557
30,100,10,0.05,0.5,1.0,0.3476933268434778,0.6499970835988821
31,100,10,0.05,0.25,1.0,0.35887152667281746,0.6505729110194557
32,100,10,0.1,sqrt,1.0,0.28917598721163346,0.6509601682928892
33,500,10,0.05,log2,0.5,0.2545600059052712,0.6515180192590229
34,500,7,0.05,log2,1.0,0.40528743801230804,0.6520327029964427
35,200,10,0.1,sqrt,0.75,0.24600552570704387,0.6524524826007694
36,500,7,0.05,0.5,0.5,0.3817882769746701,0.6525091143590147
37,200,10,0.05,0.25,0.5,0.33254795894973527,0.6525761818927794
38,500,10,0.05,sqrt,0.5,0.25340680695659207,0.6527125792637928
39,500,10,0.1,sqrt,1.0,0.1907362971634965,0.6530986344979773
40,500,7,0.05,sqrt,0.75,0.3918737443282033,0.6540574511038499
41,100,10,0.1,0.25,0.75,0.29847287825767926,0.6540656457186376
42,200,10,0.1,0.25,0.75,0.2444887571518435,0.6543259692648363
43,200,10,0.1,0.5,0.75,0.24628919643261177,0.6547887320559778
44,500,10,0.01,sqrt,1.0,0.3827098956610623,0.654914716629133
45,500,10,0.1,log2,1.0,0.19087471569078518,0.6551230022660512
46,200,7,0.1,0.25,1.0,0.4082015208862066,0.6552941296917862
47,200,7,0.1,0.5,1.0,0.40155600171085265,0.6554071353387989
48,100,10,0.1,0.5,0.75,0.29855130668722996,0.6554128189542306
49,100,10,0.05,0.5,0.75,0.37302442589021,0.656386659962678
50,200,10,0.05,sqrt,0.5,0.34580215080055315,0.658350612632243
51,200,10,0.1,0.5,0.5,0.27861831324356423,0.6588311189323663
52,100,10,0.05,0.25,0.75,0.3813930014968064,0.6590940840610315
53,500,10,0.01,0.5,0.5,0.40972328052985446,0.6591737349055407
54,500,10,0.1,sqrt,0.75,0.2101224942117567,0.6595534694204204
55,500,7,0.1,0.5,0.5,0.31263570661297724,0.659953407479356
56,500,10,0.01,0.25,0.5,0.4172388633986302,0.6610189381504654
57,200,10,0.1,0.25,0.5,0.27658888403884185,0.6615278459572459
58,200,7,0.1,0.25,0.75,0.40566051500243494,0.6615518348733875
59,500,10,0.05,1,1.0,0.2931762742432189,0.6615861916749727
60,500,7,0.1,0.25,0.5,0.3152546270080491,0.6616433872514914
61,200,10,0.05,log2,0.5,0.360587744770743,0.6617229371666311
62,100,10,0.1,log2,0.75,0.32831774900556243,0.6618314534629214
63,100,10,0.05,sqrt,1.0,0.39095312009054,0.6627032279129034
64,500,10,0.1,log2,0.75,0.2094816233835834,0.6627230472169084
65,500,10,0.1,0.25,0.75,0.21494074384693404,0.6627278576197676
66,500,5,0.1,0.5,1.0,0.4364868111890445,0.6629663573801999
67,500,10,0.01,log2,1.0,0.4059290638920263,0.6635139418883772
68,500,7,0.1,sqrt,0.5,0.32745792649874306,0.6639499359354337
69,100,10,0.1,0.25,0.5,0.34446821748043915,0.6644240072954035
70,500,10,0.05,1,0.75,0.31321880551588355,0.6656807385300307
71,200,10,0.1,sqrt,0.5,0.27824177468047223,0.6658404637056011
72,500,10,0.1,1,1.0,0.2152442465409525,0.6663026955418584
73,500,7,0.05,log2,0.5,0.4283418745479756,0.6672174163525793
74,200,10,0.1,log2,0.5,0.28344751771018195,0.6682932767303437
75,200,7,0.1,sqrt,0.75,0.43297719241459276,0.6684787952948227
76,500,10,0.1,0.5,0.5,0.23781982537560417,0.6685375756698919
77,200,7,0.1,log2,1.0,0.4448180655279346,0.6694759968766103
78,500,10,0.05,1,0.5,0.3402890960201159,0.6696183087248162
79,500,10,0.01,log2,0.75,0.4268134951169947,0.6698256786694573
80,100,10,0.05,log2,1.0,0.4090749477834967,0.6698832974951098
81,200,7,0.1,0.5,0.5,0.42303882778332996,0.6699986403397649
82,100,10,0.05,0.5,0.5,0.4175708752235682,0.6703168313858446
83,100,10,0.05,0.25,0.5,0.423525339594385,0.6705748430840069
84,500,5,0.1,sqrt,1.0,0.48128080098488873,0.6706036831675178
85,500,10,0.1,1,0.75,0.2418201811583652,0.6710947636435166
86,500,10,0.01,sqrt,0.5,0.4427673475208662,0.6714850918398558
87,100,10,0.1,sqrt,0.5,0.3581752101958189,0.6717019271963459
88,500,10,0.1,sqrt,0.5,0.22709068096904983,0.6726863277305822
89,200,7,0.1,0.25,0.5,0.4294729256579891,0.6737787915710719
90,500,10,0.1,log2,0.5,0.22557693125015207,0.6738281714788579
91,500,5,0.1,0.5,0.5,0.45137801816951334,0.6750306774485586
92,200,7,0.1,log2,0.75,0.4529998649245619,0.6760514050100366
93,500,5,0.1,sqrt,0.75,0.48104231554408217,0.6762563832709543
94,100,10,0.1,log2,0.5,0.3727080550420986,0.6775316275970179
95,100,10,0.05,log2,0.75,0.43432293752093426,0.678022711359214
96,200,10,0.1,1,1.0,0.33472466568095527,0.6788586485010242
97,500,10,0.01,log2,0.5,0.46205892405638216,0.6803669512198304
98,200,7,0.05,0.25,0.75,0.5088573403957996,0.6807678174382398
99,200,7,0.1,sqrt,0.5,0.4601862841460599,0.6810708666456499
100,100,10,0.05,sqrt,0.5,0.4502561528764633,0.6817326514438304
101,500,7,0.1,1,1.0,0.4491245665186604,0.6820861767942269
102,200,7,0.05,0.25,1.0,0.5136023546207904,0.6831958686742583
103,200,10,0.1,1,0.75,0.3577287818789675,0.683653113919791
104,500,5,0.1,log2,0.75,0.5034782103300555,0.684062598837379
105,200,7,0.05,0.5,0.5,0.5178996962732094,0.6860609860961282
106,100,7,0.1,0.25,1.0,0.5174015092621722,0.6862241411761296
107,500,7,0.1,1,0.75,0.4584135951398378,0.688456552784212
108,500,5,0.05,0.5,0.75,0.5379699396307137,0.6887674304810282
109,200,7,0.05,sqrt,1.0,0.537676647391629,0.6901787562888236
110,200,7,0.1,log2,0.5,0.4797007966459607,0.6909269654049944
111,100,10,0.05,log2,0.5,0.47357212082744315,0.6920020665311817
112,500,5,0.05,0.5,1.0,0.5518503898708859,0.6921157405461096
113,100,7,0.1,0.25,0.75,0.5171464062929361,0.6922268720637867
114,500,4,0.1,0.5,0.75,0.5428097686985555,0.692920287990726
115,500,5,0.05,0.25,0.75,0.5530778923670097,0.6936356693347233
116,200,7,0.05,0.25,0.5,0.5295139915699425,0.693637886756213
117,100,7,0.1,0.5,0.5,0.524261929874331,0.6947383259344045
118,500,5,0.05,0.25,1.0,0.5625634319600117,0.6958520613274533
119,500,4,0.1,0.5,1.0,0.5491748888093432,0.6959854784311692
120,500,5,0.05,0.5,0.5,0.5468119609625739,0.6960290851582428
121,500,7,0.1,1,0.5,0.47728805498862903,0.6976946702558022
122,200,7,0.05,sqrt,0.75,0.5435620275925311,0.6985961075094135
123,100,7,0.1,sqrt,1.0,0.5416362529366948,0.6992972869286238
124,100,7,0.1,0.25,0.5,0.5358965389190243,0.7009384480407298
125,200,7,0.05,log2,1.0,0.5545373807445269,0.7022197884884367
126,200,10,0.05,1,1.0,0.46667934349585266,0.7022508876128006
127,500,4,0.1,0.5,0.5,0.5511414278874224,0.7023989359887506
128,100,7,0.1,sqrt,0.75,0.5475803581747433,0.7033232405167632
129,200,10,0.05,1,0.75,0.4785487588973442,0.7047851630370368
130,500,5,0.05,sqrt,0.75,0.5854556626915721,0.7071486035482335
131,200,7,0.05,sqrt,0.5,0.5593129205616426,0.707370556606204
132,200,5,0.1,0.5,0.75,0.5773936969491107,0.7074131247382808
133,500,5,0.05,sqrt,1.0,0.5893265266088072,0.7084166076630175
134,100,7,0.1,log2,1.0,0.5596758893333906,0.709378486244273
135,500,4,0.1,0.25,0.5,0.5686376330828335,0.709861336208198
136,200,5,0.1,0.5,1.0,0.5854488247209495,0.7100213230331367
137,200,10,0.05,1,0.5,0.5036010581384938,0.7116490981064003
138,100,10,0.1,1,1.0,0.4728824340089944,0.7125591301469458
139,500,4,0.1,sqrt,1.0,0.5964006362797042,0.7127466525987227
140,100,7,0.1,log2,0.75,0.5678610119340729,0.7143145168389874
141,200,5,0.1,0.25,1.0,0.5997794083241345,0.7146871002444738
142,500,5,0.05,sqrt,0.5,0.5925023497306967,0.7147461524440515
143,200,5,0.1,0.5,0.5,0.5879019469182041,0.7154924667754475
144,500,7,0.01,0.5,0.75,0.5966190136440668,0.7157165987015321
145,500,5,0.05,log2,1.0,0.603617090214011,0.7160321384594126
146,500,7,0.05,1,1.0,0.5609425312278995,0.7167396879105281
147,500,5,0.05,log2,0.75,0.6031659139353377,0.7168141606683157
148,100,10,0.1,1,0.75,0.4869500487821715,0.7182439798684026
149,100,7,0.05,0.5,0.75,0.5983663346381685,0.7192286742397535
150,500,4,0.1,log2,0.75,0.6125117212808427,0.7206299203157078
151,500,4,0.1,log2,1.0,0.6109442860953471,0.7211918479788583
152,500,7,0.05,1,0.75,0.5688502247048293,0.7212872017666844
153,500,4,0.1,sqrt,0.5,0.6002514992565735,0.7213549781303332
154,200,10,0.01,0.5,1.0,0.5546129708081493,0.7221679882450582
155,100,7,0.05,0.25,1.0,0.6060282978206076,0.722742732241704
156,500,7,0.01,0.5,0.5,0.6114335536771233,0.7248164498312779
157,200,5,0.1,sqrt,1.0,0.6222391065369527,0.7250700677956414
158,200,10,0.01,0.25,1.0,0.5648692268381845,0.725264729202518
159,200,10,0.01,0.5,0.75,0.5681607695477893,0.7271942768823004
160,100,7,0.1,log2,0.5,0.5904217023390599,0.7274592208042523
161,100,10,0.1,1,0.5,0.5123400139621419,0.7282032465108537
162,200,5,0.1,sqrt,0.75,0.6236977824994371,0.7289831214436924
163,200,10,0.01,0.25,0.75,0.5762671109268461,0.7301787142480208
164,500,4,0.05,0.5,0.75,0.6390441801060477,0.732563137686819
165,500,4,0.05,0.5,0.5,0.6418284022623832,0.7356352759202429
166,200,5,0.1,log2,1.0,0.639067678700629,0.7356667953756263
167,200,5,0.1,sqrt,0.5,0.6333720472260455,0.7365401765038345
168,500,4,0.05,0.5,1.0,0.6500829464123593,0.7376068596130902
169,200,10,0.01,0.5,0.5,0.5926545969634018,0.7376919364008071
170,100,7,0.05,sqrt,1.0,0.6385945335781218,0.7386060145756708
171,500,7,0.01,sqrt,1.0,0.6400092906330317,0.7388806595834531
172,500,4,0.05,0.25,1.0,0.6603539891515857,0.7398334496524002
173,500,4,0.05,0.25,0.5,0.6548410967519646,0.741085717688635
174,200,7,0.1,1,1.0,0.6078602822349479,0.7426027982555938
175,200,10,0.01,sqrt,1.0,0.5952814888526066,0.7427305426040529
176,500,7,0.01,sqrt,0.75,0.6455779748140802,0.7430504801483291
177,200,7,0.1,1,0.75,0.611961329135759,0.7456503218956988
178,200,5,0.1,log2,0.5,0.6516676926454916,0.7458251282859936
179,100,7,0.05,sqrt,0.75,0.647406486313711,0.7465622945898505
180,500,3,0.1,0.5,1.0,0.6666619759802718,0.7468775433665049
181,500,5,0.1,1,1.0,0.6439135510867848,0.7471900020998907
182,500,3,0.1,0.5,0.5,0.6620013364484623,0.7477235441016665
183,200,10,0.01,sqrt,0.75,0.6069037056620277,0.748562244057045
184,500,7,0.01,sqrt,0.5,0.6562554064078746,0.7492653157839189
185,200,5,0.05,0.5,0.75,0.6708123689786697,0.7497075915522633
186,500,4,0.05,sqrt,1.0,0.6833134405458352,0.7536679318925411
187,100,7,0.05,sqrt,0.5,0.6592013343111544,0.7536966856465114
188,500,5,0.1,1,0.75,0.6502844449221725,0.753878031121651
189,200,4,0.1,0.5,1.0,0.6774690664728378,0.7539684973862012
190,500,7,0.01,log2,1.0,0.6621251105140975,0.7542604490708869
191,200,4,0.1,0.5,0.5,0.6757228833266476,0.7545441848003728
192,500,4,0.05,sqrt,0.75,0.6823426017953443,0.7551733727087794
193,500,7,0.01,log2,0.75,0.6649774484766694,0.7560273660921127
194,100,7,0.05,log2,1.0,0.6623437352244943,0.7562104258657121
195,200,4,0.1,0.25,0.75,0.6846273440251668,0.7570681032366424
196,200,5,0.05,0.25,1.0,0.6867220745877136,0.7572438898410447
197,200,5,0.05,0.25,0.5,0.685439639845773,0.7573367242103937
198,200,10,0.01,sqrt,0.5,0.6302156723220271,0.7583071980934478
199,200,4,0.1,0.25,1.0,0.6893951581998731,0.7585166071996047
200,200,10,0.01,log2,1.0,0.6214083124314227,0.7587857720754246
201,100,5,0.1,0.5,0.5,0.6808288648539832,0.7588162422595929
202,500,5,0.1,1,0.5,0.6565727192251445,0.7589228869895638
203,100,5,0.1,0.25,0.75,0.6841077727303123,0.7590139365074742
204,100,7,0.05,log2,0.75,0.6691314221693717,0.7602378005701482
205,100,10,0.05,1,0.75,0.6141033416782802,0.7621144586590479
206,100,10,0.05,1,1.0,0.6068436038519786,0.7622556233914825
207,500,7,0.01,log2,0.5,0.6761066967424455,0.7627537641033552
208,500,4,0.05,log2,1.0,0.6972038609835186,0.7637780488678864
209,200,4,0.1,0.25,0.5,0.6914120190529953,0.7640989641878018
210,500,10,0.01,1,0.5,0.6294052699304635,0.7642752321910804
211,200,10,0.01,log2,0.75,0.6325224809647868,0.7644428938048459
212,500,4,0.05,log2,0.75,0.6957860782989371,0.7646554289360671
213,100,5,0.1,0.25,0.5,0.6913930827129767,0.7655382357916289
214,500,3,0.1,sqrt,0.75,0.7026140159647932,0.766688232251165
215,500,4,0.05,log2,0.5,0.7003868032266971,0.7682805670379644
216,100,7,0.05,log2,0.5,0.6809885714176465,0.7686472466015355
217,500,3,0.1,sqrt,0.5,0.7045362336076834,0.7728405403793043
218,200,5,0.05,sqrt,0.75,0.7115651909545259,0.7731446200954205
219,200,4,0.1,sqrt,1.0,0.713133819415457,0.7733029978955699
220,200,5,0.05,sqrt,1.0,0.7100198492459541,0.7733666156895724
221,200,10,0.01,log2,0.5,0.654231616886381,0.77405277420768
222,500,3,0.1,log2,1.0,0.7152228018564422,0.7749958831055748
223,200,4,0.1,sqrt,0.75,0.7148096470528257,0.7765111143325828
224,100,5,0.1,sqrt,1.0,0.7142749369587211,0.7766445609325741
225,100,5,0.1,sqrt,0.75,0.7152540969894647,0.7781866101548329
226,200,5,0.05,sqrt,0.5,0.7170425867061921,0.7795486168685721
227,500,3,0.1,log2,0.5,0.7196216889206314,0.7818189835359531
228,200,5,0.05,log2,1.0,0.7243725375832347,0.7839218908046255
229,200,5,0.05,log2,0.75,0.7265081275220433,0.7850665751379028
230,200,5,0.05,log2,0.5,0.7325080572741973,0.7894481442118004
231,500,3,0.05,0.5,0.75,0.7405496085405968,0.7895348751584176
232,200,4,0.1,log2,0.5,0.7336728807619581,0.7912053680725258
233,100,5,0.1,log2,0.75,0.7345466760903272,0.7917261803788895
234,500,3,0.05,0.5,1.0,0.7470650239093456,0.7925737097121668
235,100,5,0.1,log2,0.5,0.74012195964332,0.7956149331307958
236,500,3,0.05,0.25,0.75,0.7510715842624204,0.7964626503030731
237,500,4,0.1,1,1.0,0.732147296769406,0.7964875879777249
238,500,3,0.05,0.25,0.5,0.7507044112245662,0.7967058376694051
239,500,4,0.1,1,0.75,0.7319161986306051,0.796871663874532
240,200,7,0.05,1,0.75,0.7154582897880734,0.7971810942692478
241,500,5,0.05,1,1.0,0.7316691337562218,0.7971865428714012
242,500,4,0.1,1,0.5,0.7340032037093523,0.7979271802545171
243,200,4,0.05,0.5,0.75,0.7532358110536265,0.7992925505830288
244,200,7,0.05,1,0.5,0.7221780835950568,0.8000841042033706
245,500,5,0.01,0.5,0.75,0.7545099670833518,0.8014642256933474
246,100,7,0.1,1,1.0,0.7181778181050001,0.8020730604711293
247,500,5,0.05,1,0.5,0.7377354695370417,0.8023579505135645
248,100,4,0.1,0.5,0.75,0.7573458775060575,0.8025609189728835
249,200,4,0.05,0.5,0.5,0.7560225066531334,0.80263219436477
250,100,5,0.05,0.5,1.0,0.7569473220203623,0.80296221502765
251,200,4,0.05,0.5,1.0,0.7593443935174469,0.8030794122193674
252,100,7,0.1,1,0.75,0.720744555872957,0.8034127998243444
253,500,5,0.01,0.5,0.5,0.7575792301610089,0.8040444206048692
254,200,4,0.05,0.25,0.75,0.7630351967587848,0.8049466142188842
255,100,4,0.1,0.5,0.5,0.7597424275939338,0.8061166174185029
256,100,7,0.1,1,0.5,0.727033098050965,0.8076429985546881
257,200,4,0.05,0.25,0.5,0.7648244032138793,0.8078530931963298
258,200,3,0.1,0.5,0.5,0.765472812777121,0.8080829379053379
259,200,3,0.1,0.5,0.75,0.7655448180337117,0.8081998643481783
260,200,4,0.05,0.25,1.0,0.7684928121291681,0.8086597684205508
261,100,4,0.1,0.25,1.0,0.767724780295768,0.8092498885788378
262,500,5,0.01,0.25,1.0,0.7662593214476426,0.8093618458884326
263,500,5,0.01,0.25,0.75,0.7655996370405743,0.8094777931960315
264,100,5,0.05,0.25,1.0,0.7671073036207562,0.8099874593810896
265,100,5,0.05,0.25,0.75,0.7667549904376362,0.8101513024001726
266,500,5,0.01,0.25,0.5,0.7683277080381766,0.8114084559546312
267,200,3,0.1,0.5,1.0,0.7721809801992285,0.8123685446417518
268,100,5,0.05,0.25,0.5,0.769393212896151,0.8132230570423638
269,100,4,0.1,0.25,0.5,0.7704609534633293,0.8137837818054408
270,200,7,0.01,0.5,1.0,0.7542230233939204,0.8141712277668041
271,500,3,0.05,sqrt,0.5,0.7758550641064377,0.8148319312760838
272,200,3,0.1,0.25,1.0,0.7803829777778978,0.8169918753672057
273,200,7,0.01,0.25,1.0,0.765784648518813,0.8215406387916349
274,200,7,0.01,0.5,0.5,0.7653225520251553,0.8221830494613726
275,200,5,0.1,1,1.0,0.7659130913566697,0.822538707749537
276,200,4,0.05,sqrt,1.0,0.7887878398656486,0.8235479754042383
277,200,7,0.01,0.25,0.75,0.7690482653057341,0.8241347538330943
278,100,4,0.1,sqrt,1.0,0.7901937448327772,0.8248974621953703
279,200,4,0.05,sqrt,0.75,0.790246935208341,0.8259624177824374
280,200,5,0.1,1,0.75,0.7719562113278496,0.8276064896152204
281,200,5,0.1,1,0.5,0.7753550842705104,0.8304649416061357
282,500,5,0.01,sqrt,0.75,0.794274445741402,0.8310922787934819
283,100,5,0.05,sqrt,0.75,0.7954898172295704,0.8316812506504304
284,100,4,0.1,sqrt,0.5,0.7950118372717513,0.8330239621174158
285,500,5,0.01,sqrt,0.5,0.7965635063679812,0.8333666839507384
286,200,3,0.1,sqrt,0.5,0.8013024271477491,0.8345505003750048
287,200,4,0.05,log2,1.0,0.8007534010103179,0.8348617786517736
288,200,4,0.05,log2,0.75,0.8014594541154331,0.835865453080154
289,100,4,0.1,log2,1.0,0.8035809046281315,0.8383155798388421
290,200,3,0.1,log2,1.0,0.8096314612122885,0.8394391661374321
291,500,5,0.01,log2,1.0,0.8067152575634939,0.8419282079445503
292,200,3,0.1,log2,0.75,0.813703409223584,0.8439823997049029
293,500,4,0.05,1,0.5,0.8068367044758079,0.8445292482073934
294,100,5,0.05,log2,0.75,0.810859172260555,0.8453314072076415
295,100,5,0.05,log2,1.0,0.8103099844462153,0.8459966941305656
296,200,3,0.1,log2,0.5,0.8141029249659565,0.8467195800635025
297,200,7,0.01,sqrt,1.0,0.7986843566698372,0.8470191998900208
298,500,3,0.1,1,1.0,0.8117063305162331,0.8476192001661884
299,500,4,0.05,1,1.0,0.8076050394359615,0.8481071099295253
300,200,7,0.01,sqrt,0.75,0.8005527394072228,0.848145745488648
301,500,3,0.1,1,0.75,0.8141874053259185,0.8498062892430804
302,100,5,0.05,log2,0.5,0.8152730557511224,0.8500470836027649
303,500,4,0.01,0.5,0.75,0.8288078267635653,0.8559048483723867
304,100,4,0.05,0.5,0.75,0.8294905998973003,0.8562795982320678
305,500,4,0.01,0.5,0.5,0.8294858638935758,0.8566228196742715
306,100,4,0.05,0.5,1.0,0.8301557626624743,0.8566366681186732
307,200,3,0.05,0.5,0.5,0.835170889404463,0.8585670505483115
308,100,4,0.05,0.5,0.5,0.8313314552806368,0.8590744805607999
309,200,3,0.05,0.5,0.75,0.83592654912069,0.859815207378365
310,200,3,0.05,0.5,1.0,0.836925249400863,0.8599172788077214
311,100,3,0.1,0.5,0.75,0.8358708410304325,0.8604876724164886
312,500,7,0.01,1,1.0,0.8094210578633447,0.8609695326808489
313,100,3,0.1,0.5,0.5,0.8357929636897358,0.8610172829883164
314,500,7,0.01,1,0.75,0.8126374646558194,0.862527908445953
315,100,4,0.05,0.25,0.75,0.8383596289558739,0.8627821147133069
316,500,4,0.01,0.25,0.75,0.8383505873284626,0.8632518691722869
317,100,3,0.1,0.5,1.0,0.8401163134647455,0.8640397313062208
318,500,7,0.01,1,0.5,0.8166002187159106,0.8640490897480582
319,500,4,0.01,0.25,0.5,0.8399298534206645,0.8646092561756356
320,100,4,0.05,0.25,1.0,0.8400338224513314,0.8646586215918952
321,100,7,0.05,1,1.0,0.8142223235939314,0.8651130644217322
322,200,3,0.05,0.25,0.5,0.8424831994129085,0.865579654163039
323,200,3,0.05,0.25,0.75,0.8430794763953852,0.8658580254676264
324,200,7,0.01,log2,1.0,0.821697879374563,0.8665803046431744
325,200,7,0.01,log2,0.75,0.8226726710830206,0.8667430999827282
326,200,3,0.05,0.25,1.0,0.8471658211881643,0.8685759052960106
327,100,3,0.1,0.25,0.5,0.8470019597558859,0.8691083182840208
328,200,4,0.1,1,1.0,0.8340476753584987,0.8691468191030455
329,100,3,0.1,0.25,0.75,0.8457781198974729,0.8693270511020946
330,100,7,0.05,1,0.5,0.822303754317453,0.8695028742228921
331,100,3,0.1,0.25,1.0,0.8482676023070924,0.8701339660833771
332,200,7,0.01,log2,0.5,0.8285266499401115,0.8708705525092135
333,200,5,0.05,1,1.0,0.8455436275749433,0.8804764984071842
334,200,5,0.05,1,0.75,0.8475629519072297,0.8809352685102662
335,200,5,0.05,1,0.5,0.8483736899605056,0.881078346079711
336,100,10,0.01,0.5,1.0,0.7960663814290938,0.8815473098284379
337,200,3,0.05,sqrt,0.75,0.8636322876690846,0.8821451011634592
338,100,4,0.05,sqrt,1.0,0.8611942988530187,0.8821544053907823
339,100,3,0.1,sqrt,1.0,0.8629971331421037,0.8826542476340645
340,200,3,0.05,sqrt,0.5,0.8645549413061759,0.8832181389879353
341,500,4,0.01,sqrt,0.5,0.862156183164787,0.883284758761805
342,100,3,0.1,sqrt,0.75,0.8644478532720633,0.8840570565631133
343,100,10,0.01,0.5,0.75,0.8034024069002184,0.8853107612086458
344,100,4,0.05,sqrt,0.75,0.8646912328781051,0.8854088298519254
345,100,5,0.1,1,1.0,0.851318062588749,0.886057413208282
346,100,3,0.1,sqrt,0.5,0.8670502477690858,0.8869237831565269
347,100,5,0.1,1,0.75,0.8527241299339771,0.8873405102355978
348,200,10,0.01,1,1.0,0.812549019138089,0.8877806584955401
349,100,10,0.01,0.25,0.75,0.8104320807322088,0.8890443969758172
350,200,10,0.01,1,0.75,0.8169226819235218,0.8894475923538303
351,200,3,0.05,log2,1.0,0.8736077228176424,0.892143458678829
352,200,3,0.05,log2,0.75,0.8746241472236211,0.8925449631295197
353,500,4,0.01,log2,0.75,0.8736716203903689,0.8934293719729073
354,200,3,0.05,log2,0.5,0.874830375961018,0.8938450311977718
355,100,10,0.01,0.5,0.5,0.8185914485783625,0.8940469035178117
356,500,4,0.01,log2,0.5,0.8743528631756563,0.8941553855597448
357,100,4,0.05,log2,1.0,0.8750838329756774,0.8949906174949243
358,100,4,0.05,log2,0.75,0.8768628704582319,0.8971693476299779
359,100,10,0.01,0.25,0.5,0.8251003454478727,0.8974815909571471
360,100,4,0.05,log2,0.5,0.8795443470469974,0.8997497883507759
361,200,5,0.01,0.5,1.0,0.8782037061679357,0.8998737800569634
362,500,3,0.05,1,0.75,0.8779934429788452,0.9006307587147019
363,200,5,0.01,0.5,0.5,0.880937793520335,0.9029324065219534
364,100,10,0.01,sqrt,1.0,0.8307490298903663,0.904371697607706
365,100,10,0.01,sqrt,0.75,0.8341153206983568,0.9074272956728466
366,200,5,0.01,0.25,1.0,0.8894409299990881,0.9094892912540974
367,200,5,0.01,0.25,0.5,0.8915875458003982,0.9112188691038887
368,100,3,0.05,0.5,1.0,0.8998023286089936,0.914291155066665
369,500,3,0.01,0.5,0.5,0.9000171738650716,0.9144813108579343
370,100,10,0.01,sqrt,0.5,0.8479846274700285,0.9150241884832382
371,100,3,0.05,0.5,0.75,0.9017388028984059,0.915867036522249
372,100,3,0.05,0.25,0.75,0.9067672917369687,0.9201775185486795
373,500,3,0.01,0.25,1.0,0.9082887059148785,0.9212010442471166
374,500,3,0.01,0.25,0.75,0.9083310303690506,0.9213173548581401
375,500,3,0.01,0.25,0.5,0.9085248693338337,0.9213762756430096
376,100,3,0.05,0.25,1.0,0.9093630375618843,0.9223792056944293
377,200,4,0.05,1,0.5,0.9027374268913776,0.9227197363596813
378,200,4,0.05,1,0.75,0.9020300797717478,0.9232380778751541
379,100,10,0.01,log2,0.75,0.8563759147238498,0.9247029558465052
380,200,3,0.1,1,0.75,0.9063359312319724,0.9259635683417378
381,200,4,0.05,1,1.0,0.9048332732256179,0.9262974118120615
382,100,4,0.1,1,0.5,0.9050110668922652,0.9268281847643053
383,100,4,0.1,1,1.0,0.9070923766755735,0.9292394527603595
384,100,4,0.1,1,0.75,0.9068957825335943,0.9295583217161278
385,200,5,0.01,sqrt,0.75,0.9188617481225768,0.9356364839242799
386,200,5,0.01,sqrt,0.5,0.919863580092827,0.9369344919193661
387,500,3,0.01,sqrt,0.75,0.9266429683684098,0.937654722350133
388,100,3,0.05,sqrt,0.75,0.9274597727412697,0.9384425706085531
389,500,3,0.01,sqrt,0.5,0.9273461408404068,0.9386023566192684
390,500,3,0.01,sqrt,1.0,0.9278246809187974,0.9389790095220479
391,100,3,0.05,sqrt,0.5,0.9289898006997778,0.9403497094653169
392,100,3,0.05,sqrt,1.0,0.9299516321340597,0.9405610705158265
393,500,5,0.01,1,0.5,0.9263786635559288,0.9453090698311216
394,500,5,0.01,1,0.75,0.92661035709556,0.9461463730710321
395,100,5,0.05,1,1.0,0.9272630243925054,0.9476134119406604
396,500,3,0.01,log2,1.0,0.9372861987690705,0.9479047206807042
397,100,5,0.05,1,0.75,0.9282948059673188,0.9481081909121513
398,500,3,0.01,log2,0.75,0.9376794758874093,0.9481264386686733
399,100,5,0.05,1,0.5,0.9290079140489919,0.9482508936096898
400,500,3,0.01,log2,0.5,0.9378921288597539,0.9485913297133853
401,100,3,0.05,log2,0.75,0.9394290738871965,0.949786135750893
402,100,3,0.05,log2,1.0,0.9399657703401386,0.9507028538067018
403,100,3,0.05,log2,0.5,0.9400356632442489,0.9513854429644725
404,200,4,0.01,0.5,1.0,0.939533094444742,0.9523611581075242
405,200,4,0.01,0.5,0.5,0.9396935590568286,0.9524365458552838
406,200,4,0.01,0.5,0.75,0.940052663787977,0.9528128498626515
407,200,5,0.01,log2,1.0,0.9367511013328408,0.9528957433875592
408,200,5,0.01,log2,0.75,0.9382901256553863,0.954185740495673
409,200,4,0.01,0.25,0.75,0.9495047412521405,0.9611832857102864
410,200,4,0.01,0.25,0.5,0.9501630385458507,0.9614216888101342
411,200,4,0.01,0.25,1.0,0.9500257062487436,0.9615472882266257
412,100,7,0.01,0.5,1.0,0.9342248154454112,0.9633162218134513
413,100,7,0.01,0.5,0.75,0.9355014118811124,0.9642662768259673
414,100,7,0.01,0.5,0.5,0.9392216930985261,0.967446392075361
415,200,3,0.05,1,1.0,0.9573677177268555,0.9689018203752771
416,100,7,0.01,0.25,1.0,0.9430682364375658,0.9705371443015148
417,100,7,0.01,0.25,0.75,0.9438556400457173,0.9714291263969421
418,100,7,0.01,0.25,0.5,0.9463190757032517,0.97307189639695
419,200,3,0.05,1,0.75,0.9649692779727954,0.976790475237134
420,100,3,0.1,1,1.0,0.9647355267559454,0.9771701510991014
421,200,3,0.05,1,0.5,0.9661422559336409,0.977826282536109
422,100,3,0.1,1,0.75,0.9685522127955176,0.9809036996684348
423,100,3,0.1,1,0.5,0.9697525321531933,0.9822832145501593
424,200,4,0.01,sqrt,0.75,0.9743108707202641,0.9837746371277676
425,200,4,0.01,sqrt,0.5,0.9752224783491245,0.9846936585408391
426,200,4,0.01,sqrt,1.0,0.9756697786027215,0.9848932010857596
427,500,4,0.01,1,0.75,0.9738783910810256,0.986261686151597
428,100,4,0.05,1,0.5,0.9751623960230643,0.9877815475579217
429,100,4,0.05,1,0.75,0.9759738454794735,0.9887645698742994
430,500,4,0.01,1,1.0,0.9771582047481991,0.9896075619541501
431,100,7,0.01,sqrt,0.75,0.9680704174768295,0.9921332235701045
432,100,7,0.01,sqrt,1.0,0.969906948740199,0.9937423379909275
433,200,7,0.01,1,1.0,0.9696477857345458,0.9938057312909871
434,100,7,0.01,sqrt,0.5,0.9709621514785475,0.9949613978185216
435,200,7,0.01,1,0.75,0.9714465669432532,0.9950117702531113
436,200,7,0.01,1,0.5,0.9728864865563823,0.9952256641145946
437,200,4,0.01,log2,1.0,0.9896043071195947,0.9983710385594398
438,200,4,0.01,log2,0.5,0.9919865288149299,1.0009018996017571
439,200,3,0.01,0.5,0.5,1.0006665110788235,1.0071011302574586
440,200,3,0.01,0.5,0.75,1.0015353229606159,1.0083716340265827
441,100,7,0.01,log2,0.75,0.9877800282535879,1.0104454100377134
442,100,7,0.01,log2,1.0,0.9895212367978029,1.0120466211107755
443,100,7,0.01,log2,0.5,0.991439964341124,1.013213770487751
444,200,3,0.01,0.25,1.0,1.0102433736153418,1.0162513594053715
445,200,3,0.01,0.25,0.75,1.010747654771151,1.0165842671932623
446,100,5,0.01,0.5,1.0,1.0218015581319824,1.032375468312598
447,100,5,0.01,0.5,0.75,1.0222449924311197,1.0328074234667484
448,100,5,0.01,0.5,0.5,1.0232621349457667,1.0339869984963108
449,500,3,0.01,1,1.0,1.0281100053575896,1.035303283655776
450,200,3,0.01,sqrt,0.5,1.0326283686500164,1.037727079215064
451,500,3,0.01,1,0.5,1.0312460012567506,1.0379153379412183
452,500,3,0.01,1,0.75,1.0310701714914634,1.0379618749816961
453,100,3,0.05,1,0.75,1.0313664798217688,1.0386285554775199
454,200,3,0.01,sqrt,1.0,1.03365323681257,1.0387767207014738
455,100,3,0.05,1,1.0,1.032362086459064,1.0396395179232067
456,100,3,0.05,1,0.5,1.0325300045585286,1.0396559410971118
457,100,5,0.01,0.25,0.75,1.0307400491087548,1.0406100118860933
458,100,5,0.01,0.25,0.5,1.0314889574778374,1.041238411899542
459,100,5,0.01,0.25,1.0,1.0316202894120876,1.041574363045544
460,100,10,0.01,1,1.0,1.002873564792461,1.0429176169894687
461,200,3,0.01,log2,0.5,1.0467075742485046,1.0515346658302442
462,100,5,0.01,sqrt,1.0,1.0552708409266003,1.0637653883863334
463,100,5,0.01,sqrt,0.5,1.055594269625945,1.0642830679337085
464,200,5,0.01,1,1.0,1.0620585933859767,1.0717233394943209
465,100,4,0.01,0.5,0.5,1.0670108312232318,1.0731813189233175
466,100,4,0.01,0.5,1.0,1.0672606398398854,1.0734452816973776
467,100,4,0.01,0.5,0.75,1.0675668654350992,1.0739093014522827
468,100,4,0.01,0.25,0.5,1.0753135159967602,1.08087200996521
469,100,5,0.01,log2,0.75,1.0730445673447093,1.0811248024467466
470,100,5,0.01,log2,1.0,1.072593985334167,1.0811416003450072
471,100,4,0.01,0.25,1.0,1.0768559221051812,1.0826923565844933
472,100,4,0.01,sqrt,0.5,1.0972104938606397,1.1022155998603593
473,100,4,0.01,sqrt,0.75,1.0974395438596838,1.1022503086612934
474,200,4,0.01,1,0.5,1.1109666950402368,1.1165312535242777
475,200,4,0.01,1,1.0,1.1123183260495049,1.1181549359116478
476,100,4,0.01,log2,1.0,1.1139308863438215,1.1186557876544014
477,100,3,0.01,0.5,0.75,1.1153843648326958,1.1189614419621603
478,100,3,0.01,0.5,1.0,1.1157035913102786,1.1191639448221276
479,100,4,0.01,log2,0.75,1.114508423634237,1.1192130222121903
480,100,4,0.01,log2,0.5,1.1149737587342414,1.1196947853236294
481,100,3,0.01,0.25,0.5,1.1231841062451338,1.1261893893785926
482,100,3,0.01,0.25,0.75,1.123765694380851,1.1268501917665017
483,100,7,0.01,1,0.5,1.1152711101540096,1.1271252562922378
484,100,7,0.01,1,0.75,1.1150192204331644,1.1276290325264073
485,100,7,0.01,1,1.0,1.1184197166889336,1.1314309809193122
486,100,3,0.01,sqrt,1.0,1.1434258259079229,1.1460945561740754
487,100,3,0.01,sqrt,0.5,1.1434696468722696,1.1461982443642582
488,100,3,0.01,log2,0.5,1.1570767964013011,1.1596527228475866
489,100,3,0.01,log2,0.75,1.1572174665707033,1.1598165104669513
490,100,3,0.01,log2,1.0,1.157377950931762,1.1598985706264324
491,200,3,0.01,1,1.0,1.1635257617085728,1.1670245143390814
492,200,3,0.01,1,0.5,1.165318372111356,1.1682295255208979
493,100,5,0.01,1,0.5,1.186806614320786,1.1914375188187185
494,100,5,0.01,1,0.75,1.1870293552686746,1.1918648912072596
495,100,4,0.01,1,0.75,1.2240191471742266,1.2273532980901436
496,100,4,0.01,1,0.5,1.224516006663841,1.2278905572838863
497,100,4,0.01,1,1.0,1.2339865139884676,1.2371902779634987
498,100,3,0.01,1,0.75,1.2661760221060605,1.2680735420306606
499,100,3,0.01,1,0.5,1.2668596367470095,1.2686107901135322
500,100,3,0.01,1,1.0,1.273795707469773,1.275595771221285
